-- phpMyAdmin SQL Dump
-- version 5.0.3
-- https://www.phpmyadmin.net/
--
-- Host: 127.0.0.1
-- Generation Time: Jun 01, 2021 at 06:00 AM
-- Server version: 10.4.14-MariaDB
-- PHP Version: 7.4.11

SET SQL_MODE = "NO_AUTO_VALUE_ON_ZERO";
START TRANSACTION;
SET time_zone = "+00:00";


/*!40101 SET @OLD_CHARACTER_SET_CLIENT=@@CHARACTER_SET_CLIENT */;
/*!40101 SET @OLD_CHARACTER_SET_RESULTS=@@CHARACTER_SET_RESULTS */;
/*!40101 SET @OLD_COLLATION_CONNECTION=@@COLLATION_CONNECTION */;
/*!40101 SET NAMES utf8mb4 */;

--
-- Database: `cpdonline`
--

-- --------------------------------------------------------

--
-- Table structure for table `tbl_agama`
--

CREATE TABLE `tbl_agama` (
  `id_agama` int(11) NOT NULL,
  `nama_agama` varchar(100) DEFAULT NULL
) ENGINE=InnoDB DEFAULT CHARSET=utf8mb4;

--
-- Dumping data for table `tbl_agama`
--

INSERT INTO `tbl_agama` (`id_agama`, `nama_agama`) VALUES
(1, 'Islam'),
(2, 'Khatolik'),
(3, 'Kristen'),
(4, 'Budha'),
(5, 'Hindu'),
(6, 'Khonghucu');

-- --------------------------------------------------------

--
-- Table structure for table `tbl_anggota`
--

CREATE TABLE `tbl_anggota` (
  `id` int(11) NOT NULL,
  `no_anggota` varchar(255) DEFAULT NULL,
  `nama_anggota` varchar(255) DEFAULT NULL,
  `tempat_lahir` varchar(255) DEFAULT NULL,
  `tgl_lahir` date DEFAULT NULL,
  `jk` varchar(10) DEFAULT NULL,
  `id_agama` int(1) DEFAULT NULL,
  `alamat` varchar(255) DEFAULT NULL,
  `kota_tinggal` varchar(255) DEFAULT NULL,
  `hp` varchar(255) DEFAULT NULL,
  `email` varchar(255) DEFAULT NULL,
  `tempat_kerja` varchar(255) DEFAULT NULL,
  `status_kepegawaian` varchar(255) DEFAULT NULL,
  `id_dpc` int(1) DEFAULT NULL,
  `level` int(11) DEFAULT NULL,
  `status` int(11) DEFAULT NULL,
  `tanggal` date DEFAULT NULL,
  `catatan` varchar(500) DEFAULT NULL
) ENGINE=InnoDB DEFAULT CHARSET=utf8mb4;

--
-- Dumping data for table `tbl_anggota`
--

INSERT INTO `tbl_anggota` (`id`, `no_anggota`, `nama_anggota`, `tempat_lahir`, `tgl_lahir`, `jk`, `id_agama`, `alamat`, `kota_tinggal`, `hp`, `email`, `tempat_kerja`, `status_kepegawaian`, `id_dpc`, `level`, `status`, `tanggal`, `catatan`) VALUES
(50, '3401114-046720', 'NIKO TESNI SAPUTRO A.Md., S.KM., M.P.H.', 'SUMBAWA', '1993-03-22', 'pria', 1, 'Jl. Tatabumi No. 3, Banyuraden, Gamping', 'KABUPATEN KULON PROGO', '\'08112539555', 'nikotesnisaputro@gmail.com', 'POLTEKKES KEMENKES YOGYAKARTA', NULL, 3, 2, 3, '2021-05-31', ''),
(51, '1813101-012020', 'ARIF NUGROHO AMd.RMIK', 'SRAGEN', '1993-07-18', 'pria', 1, 'JALAN KHUDORI NO 34', 'KABUPATEN KULON PROGO', '\'085228346125', 'arifnugroho18071993@gmail.com', 'RSU KHARISMA PARAMEDIKA', NULL, 3, 2, 1, NULL, NULL),
(52, '3401101-015818', 'ANASTASIA EMI WIDAYANTI A.Md', 'KULON PROGO', '1978-06-20', 'wanita', 2, 'JL. TENTARA PELAJAR NO 5 KM 1 WATES KULON PROGO', 'KABUPATEN KULON PROGO', '\'085226302229', 'anastasiawidayanti79@gmail.com', 'RSUD WATES', 'PNS', 3, 2, 1, NULL, NULL),
(53, '3401101-017018', 'ANDRIYANI SUMANTININGSIH A.Md', 'KULON PROGO', '1984-04-04', 'wanita', 1, 'KRAGON II, PALIHAN , TEMON, KULON PROGO', 'KABUPATEN KULON PROGO', '\'081328291254', 'qisthin54@gmail.com', 'UPTD PUSKESMAS TEMON II', 'PNS', 3, 2, 1, NULL, NULL),
(54, '3401101-018618', 'ANGGA RASEPTA ARDYANTA A.Md', 'KULON PROGO', '1992-09-23', 'pria', 1, 'JL TENTARA PELAJAR KM 1 NO 5 WATES KULON PROGO', 'KABUPATEN KULON PROGO', '\'083840010507', 'anggarasepta@gmail.com', 'RSUD WATES', NULL, 3, 2, 1, NULL, NULL),
(55, '3401102-058020', 'BARFI LIMATANHIMAS A.Md.RMIK', 'KULON PROGO', '1995-08-22', 'pria', 1, 'JL. SENTOLO - MUNTILAN KM 0.3 BANGUNCIPTO, SENTOLO, KULON PROGO', 'KABUPATEN KULON PROGO', '\'085640666998', 'L.BARFI08@GMAIL.COM', 'RSUD NYI AGENG SERANG', NULL, 3, 2, 1, NULL, NULL),
(56, '3401103-056220', 'CANGGUNG WIBOWO A.Md.RMIK', 'KULON PROGO', '1991-01-15', 'pria', 1, 'JL. SENTOLO-MUNTILAN KM. 03 BAGUNSIPTO SENTOLO', 'KABUPATEN KULON PROGO', '\'085877764005', 'gonk.wibowo@gmail.com', 'RSUD NYI AGENG SERANG ', 'Swasta', 3, 2, 3, '2021-04-03', NULL),
(57, '3401104-001420', 'DIAH TISA ANJUMI S.KM', 'KULON PROGO', '1991-09-09', 'wanita', 1, 'PERENG,BUMIREJO,LENDAH', 'KABUPATEN KULON PROGO', '\'081329812805', 'diahtisaanjumi@gmail.com', 'UPTD PUSKESMAS LENDAH I', 'BLU', 3, 2, 1, NULL, NULL),
(58, '3401104-015018', 'DEWI NATALIA A. Md', 'BANTUL', '1982-12-24', 'wanita', 1, 'JL. Tentara Pelajar KM. 1  No. 5 Wates', 'KABUPATEN BANTUL', '\'0818272813', 'dwnatalia82@gmail.com', 'RSUD WATES', 'PNS', 3, 2, 1, NULL, NULL),
(59, '3401104-018918', 'DIAN WIJAYANTI A.Md', 'KULON PROGO', '1986-03-22', 'wanita', 1, 'JL. TENTARA PELAJAR KM.01 WATES KULON PROGO D.I.YOGYAKARTA', 'KABUPATEN SLEMAN', '\'085292952721', 'dhieanzalea@gmail.com', 'RSUD WATES', 'PNS', 3, 2, 1, NULL, NULL),
(60, '3401104-019018', 'DWI WIDYANINGRUM A.Md', 'KULON PROGO', '1986-12-17', 'wanita', 1, 'JL. TENTARA PELAJAR KM.01 WATES KULON PROGO D.I.YOGYAKARTA', 'KABUPATEN KULON PROGO', '\'08175478300', 'melannaya22@gmail.com', 'RSUD WATES', 'PNS', 3, 2, 1, NULL, NULL),
(61, '3401106-017218', 'FADHILAH HIDAYANTI AMd', 'LAMPUNG SELATAN', '1984-02-16', 'wanita', 1, 'JL BANTUL KM 9,5 BAKALAN SEWON BANTUL DAN LENDAH BUMIREJO KULONPROGO', 'KABUPATEN SLEMAN', '\'081227695807', 'fadhilahhidayanti033@gmail.com', 'KLINIK PRATAMA RAHMA MEDIKA DAN  RS PURA RAHARJA MEDIKA', 'Swasta', 3, 2, 1, NULL, NULL),
(62, '3401106-018818', 'FELIX WAHYU WARDAYA A.Md RMIK', 'KULON PROGO', '1991-12-16', 'pria', 2, 'JALAN TENTARA PELAJAR KM 01 NO 05 WATES KULON PROGO ', 'KOTA YOGYAKARTA', '\'085643634166', 'renaldianton@gmail.com', 'RUMAH SAKIT UMUM DAERAH WATES', 'Swasta', 3, 2, 1, NULL, NULL),
(63, '3401106-075120', 'FELICYTAS TUTI MARHENI A.Md.RMIK', 'KULON PROGO', '1994-06-02', 'wanita', 2, 'JL SENTOLO - MUNTILAN KM 0.3 BANGUNCIPTO SENTOLO', 'KABUPATEN KULON PROGO', '\'085642647894', 'fellycytastm@gmail.com', 'RSUD NYI AGENG SERANG', 'Swasta', 3, 2, 1, NULL, NULL),
(64, '3401107-017118', 'GRESI TUTALIYA SURYANINGRUM A.md', 'PURWOREJO', '1983-06-11', 'wanita', 3, 'Jl. Tentara Pelajar km.1 no. 5 Wates', 'KABUPATEN KULON PROGO', '\'08122693865', 'tutaliyagresi@yahoo.co.id', 'RSUD WATES', 'PNS', 3, 2, 1, NULL, NULL),
(65, '3401109-003320', 'IRMA APRIYANTI Amd. Kes', 'BANTUL', '1994-04-14', 'wanita', 1, 'JL GOA KISKENDO KM 08, SIBOLONG, JATIMULYO, GIRIMULYO', 'KABUPATEN BANTUL', '\'081226940990', 'Irmaaapri@gmail.com', 'UPTD PUSKESMAS GIRIMULYO II', 'Swasta', 3, 2, 1, NULL, NULL),
(66, '3401111-047320', 'KHUSNUL FAUZIYAH A.Md. RMIK', 'KULON PROGO', '1993-08-30', 'wanita', 1, 'JALAN TENTARA PELAJAR KM.1  NO. 5,  BEJI, WATES, KULON PROGO, DAERAH ISTIMEWA YOGYAKARTA', 'KABUPATEN KULON PROGO', '\'', 'kfauziyah@ymail.com', 'RSUD WATES', NULL, 3, 2, 1, NULL, NULL),
(67, '3401112-015518', 'LATIFUL HAKIM A.Md', 'BANTUL', '1982-11-26', 'pria', 1, 'SEGAJIH, HARGOTIRTO, KOKAP, KULON PROGO', 'KABUPATEN BANTUL', '\'08121571607', 'hakimlatiful@gmail.com', 'UPTD PUSKESMAS KOKAP II', 'PNS', 3, 2, 1, NULL, NULL),
(68, '3401112-036019', 'LISMAWATI DEWI ANGGRAINI A.Md', 'KULON PROGO', '1990-10-08', 'wanita', 1, 'JALAN TENTARA PELAJAR KM.1 NO.5 WATES KULON PROGO', 'KABUPATEN KULON PROGO', '\'085335890908', 'dewi08anggraini@gmail.com', 'RSUD WATES', 'PTT', 3, 2, 1, NULL, NULL),
(69, '3401113-003617', 'MARISKA SWA CAHAYARSI AMd.PerKes', 'SLEMAN', '1986-12-27', 'wanita', 1, 'JL. Wakhid Hasim Kularan Triharjo Wates Kulon Progo', 'KABUPATEN SLEMAN', '\'081568211311', 'mariskaswa@gmail.com', 'UPTD PUSKESMAS WATES', 'PNS', 3, 2, 1, NULL, NULL),
(70, '3401113-018718', 'MUTMAINAH A.Md RMIK', 'KENDAL', '1988-02-01', 'wanita', 1, 'JALAN TENTARA PELAJAR KM 1 NO 5 WATES', 'KABUPATEN KULON PROGO', '\'082137984790', 'mutmainah9399@gmail.com', 'RSUD WATES', NULL, 3, 2, 1, NULL, NULL),
(71, '3401113-051120', 'MUHAMMAD NUR JAYATULLAH A.Md, S.Kom', 'YOGYAKARTA', '1983-03-26', 'pria', 1, 'Jl. Wates Purworejo km 10.6 Kaliwangan lor Temon kulon, Kulon progo', 'KOTA YOGYAKARTA', '\'087739885522', 'nurjayatullah@gmail.com', 'UPTD Puskesmas Temon I', 'PNS', 3, 2, 1, NULL, NULL),
(72, '3401113-076720', 'MUKTI SARI A.Md.', 'KULON PROGO', '1999-05-16', 'wanita', 1, 'JL. RAYA NGEMPLAK, KEMASAN, WIDODOMARTANI, NGEMPLAK', 'KABUPATEN KULON PROGO', '\'085747191275', 'muktisari1519@gmail.com', 'RSU MITRA PARAMEDIKA', NULL, 3, 2, 1, NULL, NULL),
(73, '3401114-035919', 'NUR RAHMAWATI A.Md', 'BANTUL', '1984-12-24', 'wanita', 1, 'JL. TENTARA PELAJAR KM 1 NO 5 WATES KULONPROGO', 'KABUPATEN BANTUL', '\'08179438401', 'vitaaulia49@gmail.com', 'RSUD WATES KULONPROGO', 'PTT', 3, 2, 1, NULL, NULL),
(74, '3401114-046019', 'NIA AGUSTIN A.Md. RMIK', 'BANTUL', '1991-08-02', 'wanita', 1, '-', 'KABUPATEN KULON PROGO', '\'083840540848', 'aagustin910@gmail.com', '-', NULL, 3, 2, 1, NULL, NULL),
(75, '3401115-034119', 'OSCAR CAHYO TIMUR A.Md.RMIK', 'KULON PROGO', '1991-12-30', 'pria', 2, 'Jalan Tentara Pelajar Km 1 no.5 Wates Kulon Progo', 'KABUPATEN KULON PROGO', '\'085643081901', 'oscarcahyotimur@gmail.com', 'RSUD WATES', 'PTT', 3, 2, 1, NULL, NULL),
(76, '3401118-017618', 'RIRIN WURYANTI AMD', 'WONOSOBO', '1983-05-10', 'wanita', 1, 'JL Sentolo-Muntila KM 0.3 BANTARKULON, BANGUNCIPTO, SENTOLO', 'KABUPATEN BANTUL', '\'082230604363', 'maurien1909@gmail.com', 'RSUD NYI AGENG SERANG', 'PNS', 3, 2, 1, NULL, NULL),
(77, '3401118-067720', 'RAHMA PUTRI NANDA Amd.Kes', 'LAMPUNG TENGAH', '1998-08-28', 'wanita', 1, 'jl pengasih kulon progo', 'KOTA YOGYAKARTA', '\'081390893541', 'rahma28putri@gmail.com', 'Kulon Progo', NULL, 3, 2, 1, NULL, NULL),
(78, '3401119-016518', 'SHINTA ENDIANI A.MD', 'SURAKARTA', '1987-03-10', 'wanita', 1, 'SENTOLO KIDUL SENTOLO ', 'KABUPATEN KULON PROGO', '\'085878780000', 'endianiaja@gmail.com', 'PUSKESMAS SENTOLO I', 'PNS', 3, 2, 1, NULL, NULL),
(79, '3401120-017718', 'TRI NUR ENDAH A.Md', 'YOGYAKARTA', '1978-11-29', 'wanita', 1, 'JL. TENTARA PELAJAR KM. 1 NO. 5 WATES', 'KOTA YOGYAKARTA', '\'081331489901', 'tn.endah@gmail.com', 'RSUD WATES', 'PNS', 3, 2, 1, NULL, NULL),
(80, '3401120-018518', 'TIWI BANGUN SEJATI amd', 'YOGYAKARTA', '1982-05-16', 'wanita', 1, 'JL TENTARA PELAJAR KM 1 NO 5', 'KABUPATEN KULON PROGO', '\'083840186339', 'tiwi.sejati@gmail.com', 'RSUD WATES', 'PNS', 3, 2, 1, NULL, NULL),
(81, '3401120-035619', 'TYAS AYU PRABAWATI A.Md.KES', 'KLATEN', '1996-09-03', 'wanita', 1, 'Jl. Sutopo No 5 , Cacaban, Magelang Tengah, Kota Magelang, Jawa Tengah 56121', 'KABUPATEN KLATEN', '\'082326522223 / 085712042041', 'prabawati60@gmail.com', 'RUMAH SAKIT LESTARI RAHARJA MAGELANG ', 'Swasta', 3, 2, 1, NULL, NULL),
(82, '3401120-041219', 'TRI PUJIWARNI AMd, PerKes', 'BANTUL', '1988-05-21', 'wanita', 1, 'LEDOK,SIDOREJO, LENDAH', 'KOTA YOGYAKARTA', '\'', 'tripujiwarni@gmail.com', 'PUSKESMAS LENDAH II', NULL, 3, 2, 1, NULL, NULL),
(83, '3401120-050220', 'TANTI RACHMAWATI A.Md.RMIK', 'KULON PROGO', '1992-09-22', 'wanita', 1, 'JL. SENTOLO-MUNTILAN KM 0,3 BANTAR KULON BANGUNCIPTO SENTOLO', 'KABUPATEN KULON PROGO', '\'081931781117', 'tantirachma22@gmail.com', 'RSUD NYI AGENG SERANG', 'Swasta', 3, 2, 1, NULL, NULL),
(84, '3401120-076320', 'TRI YUNITA SARI A.Md', 'KULON PROGO', '1994-06-18', 'wanita', 1, 'Jl. TENTARA PELAJAR KM. 1 NO. 5 WATES KULON PROGO DIY', 'KOTA YOGYAKARTA', '\'087839094191', 'triyunitasari1810@gmail.com', 'RSUD WATES', 'BLU', 3, 2, 1, NULL, NULL),
(85, '3401123-013318', 'WIDHI SULISTYO A.Md', 'NARMADA', '1982-05-04', 'pria', 1, 'JL TENTARA PELAJAR KM 1 NO 5', 'KABUPATEN KULON PROGO', '\'081328479152', 'widiwaeoke@gmail.com', 'RSUD WATES', 'PNS', 3, 1, 3, '2021-03-31', NULL),
(86, '3404-026419', 'RITA MARIANA A.Md, SKM', 'MADIUN', '1984-05-23', 'wanita', 1, 'jl. nyi condro lukito 80 blunyahgede sinduadi Mlati Sleman ', 'KABUPATEN SLEMAN', '\'08563506989', 'ritamariana.ita@gmail.com', 'RSU Sakina Idaman', 'Swasta', 4, 2, 1, NULL, NULL),
(87, '3404101-001320', 'ANTON NOVI JATMIKO A.Md.', 'PURWOREJO', '1981-11-09', 'pria', 1, 'JL KALIURANG KM 17 PAKEM SLEMAN', 'KABUPATEN PURWOREJO', '\'081328708453', 'CAHGRHASIA@GMAIL.COM', 'RUMAH SAKIT JIWA GRHASIA DAERAH ISTIMEWA YOGYAKARTA', 'PNS', 4, 2, 1, NULL, NULL),
(88, '3404101-013018', 'ANDI KARISMA NURDIYANSYAH A.Md.Perkes., S.KM.', 'KLATEN', '1986-07-11', 'pria', 1, 'Jl. Brawijaya, Ringroad Barat, Ambarketawang, Gamping, Sleman, Yogyakarta 55294Jl. ', 'KABUPATEN KLATEN', '\'085821020536', 'andi_dhidhof@yahoo.com', 'Universitas Jenderal Achmad Yani Yogyakarta', 'Swasta', 4, 2, 1, NULL, NULL),
(89, '3404101-015918', 'ARIN UTAMI A.Md.', 'YOGYAKARTA', '1990-06-30', 'wanita', 1, 'JALAN KABUPATEN (LINGKAR UTARA), KRONGGAHAN, TRIHANGGO, GAMPING, SLEMAN', 'KOTA YOGYAKARTA', '\'085643929522', 'arintinorossi@gmail.com', 'RS AKADEMIK UGM', NULL, 4, 2, 1, NULL, NULL),
(90, '3404101-016718', 'ANGGIT RYAN GERRYANSYAH A. Md', 'SEMARANG', '1987-12-20', 'pria', 1, 'MINGGIR III SENDANGAGUNG MINGGIR', 'KABUPATEN SLEMAN', '\'085333811313', 'argerryansyah@gmail.com', 'PUSKESMAS MINGGIR', 'PNS', 4, 2, 1, NULL, NULL),
(91, '3404101-019219', 'ARI SATATA AMd. PK', 'MAGELANG', '1990-02-12', 'pria', 2, 'JL. KALIURANG KM. 17 ', 'KABUPATEN KULON PROGO', '\'085643769670', 'ari547474@gmail.com', 'RS PANTI NUGROHO', NULL, 4, 2, 1, NULL, NULL),
(92, '3404101-019319', 'ARIEF KURNIAWAN NUR PRASETYO AMd, SKM, M.P.H', 'BANTUL', '1983-07-15', 'pria', 1, 'Jl. Brawijaya,  Ringroad Barat, Ambarketawang, Gamping, Sleman, Yogyakarta', 'KABUPATEN SLEMAN', '\'+628112515890', 'ariefknp@gmail.com', 'Universitas Jendral Achmad Yani ', 'Swasta', 4, 2, 1, NULL, NULL),
(93, '3404101-023719', 'Andri Aria Langga Amd', 'KOTA BAKTI', '1992-10-19', 'pria', 1, 'Jalan solo  13,2 Kalasan Sleman Yogyakarta', 'KOTA YOGYAKARTA', '\'085740506494', 'andriarialangga@gmail.com', 'RS Panti Rini', NULL, 4, 2, 1, NULL, NULL),
(94, '3404101-025319', 'ALFRIDA NUNSITA A.Md RMIK', 'BANTUL', '1994-09-04', 'wanita', 1, 'JL PLERET KM 4 PLERET PLERET BANTUL', 'KABUPATEN BANTUL', '\'083146777308', 'alfridannst2@gmail.com', 'RS PERMATA HUSADA', 'Swasta', 4, 2, 1, NULL, NULL),
(95, '3404101-026219', 'ARIFUDDIN SULISTIANTO AMd., SKM', 'SLEMAN', '1987-12-03', 'pria', 1, 'JALAN KESEHATAN NO 1 SEKIP YOGYAKARTA 55284', 'KOTA YOGYAKARTA', '\'085729091366', 'arfdicka@gmail.com', 'RSUP Dr SARDJITO', 'BLU', 4, 2, 1, NULL, NULL),
(96, '3404101-036419', 'ADRIANA PUTRI LESTARI A.Md', 'KLATEN', '1985-05-20', 'wanita', 1, 'JL.KALIURANG KM.17 PAKEM ', 'KABUPATEN KLATEN', '\'085643058846', 'adrianaputri85@gmail.com', 'RSJ GRHASIA', 'PNS', 4, 2, 1, NULL, NULL),
(97, '3404101-036719', 'ARUM IKA YULIANAWATI A.Md', 'SRAGEN', '1990-07-11', 'wanita', 1, 'JL. KALIURANG KM.17 PAKEM', 'KABUPATEN SLEMAN', '\'085642129893', 'arum.ika1107@gmail.com', 'RSJ GRHASIA DIY', 'PNS', 4, 2, 1, NULL, NULL),
(98, '3404101-037919', 'ADE DENAWAN A.Md', 'SLEMAN', '1989-11-13', 'pria', 1, 'Jl. Kesehatan No. 1 Sekip Sinduadi Mlati Sleman', 'KABUPATEN SLEMAN', '\'082136178534', 'rasyaazka05@gmail.com', 'RSUP dr. Sardjito', NULL, 4, 2, 1, NULL, NULL),
(99, '3404101-038319', 'ANIK WIDYASTUTI A.Md', 'SLEMAN', '1985-01-30', 'wanita', 1, 'KEMUSUH BANYUREJO TEMPEL', 'KABUPATEN MAGELANG', '\'089672158366', 'aniwidy30@gmail.com', 'PUSKESMAS TEMPEL II', 'PNS', 4, 2, 1, NULL, NULL),
(100, '3404101-039619', 'ASYRIFAH KUSUMA WARDANI A.Md.RMIK', 'KLATEN', '1995-09-23', 'wanita', 1, 'JL WATES KM 5.5 AMBARKETAWANG GAMPING SLEMAN', 'KABUPATEN BANTUL', '\'085743984184', 'asyrifahwardani@gmail.com', 'RS PKU MHAMMADIYAH GAMPING', NULL, 4, 2, 1, NULL, NULL),
(101, '3404101-040619', 'AISYAH TRYANI SHOLIKHAH A. Md. Kes', 'SLEMAN', '1996-03-24', 'wanita', 1, 'JL. WIJAYA KUSUMA NO.310 SINDUADI, MLATI, SLEMAN', 'KOTA YOGYAKARTA', '\'', 'aisyah.tryani24@gmail.com', 'RSK BEDAH SINDUADI', NULL, 4, 2, 1, NULL, NULL),
(102, '3404101-041419', 'AJI BAGUS PRABOWO A.Md', 'BANTUL', '1989-03-26', 'pria', 1, 'JL. RING ROAD UTARA NO. 160', 'KOTA YOGYAKARTA', '\'085727911193', 'adjiebagusprabowo@yahoo.com', 'RS JIH', 'Swasta', 4, 2, 1, NULL, NULL),
(103, '3404101-042419', 'ARI KUSRINI A.Md', 'PURWOREJO', '1984-02-28', 'wanita', 1, 'NANGGULAN MAGUWOHARJO DEPOK', 'KABUPATEN SLEMAN', '\'081227907325', 'arikusriny@gmail.com', 'PUSKESMAS DEPOK I', 'PNS', 4, 2, 1, NULL, NULL),
(104, '3404101-044219', 'ARI MEITA CAHYANTI A.Md', 'PACITAN', '1986-05-02', 'wanita', 1, 'JL. KABUPATEN (LINGKAR UTARA) KRONGGAHAN, TRIHANGGO, GAMPING', 'KABUPATEN PACITAN', '\'085799869030', 'meitacahyanti@ugm.ac.id', 'RUMAH SAKIT AKADEMIK UGM', 'PNS', 4, 2, 1, NULL, NULL),
(105, '3404101-046619', 'ANGGI ATTABIK NASIR A.Md', 'MAGELANG', '1989-04-06', 'pria', 1, 'Jl. Denta Sekip Utara Mlati', 'KABUPATEN SLEMAN', '\'085643661157', 'anggiatta@yahoo.com', 'RSGM UGM Prof. Soedomo', 'PTT', 4, 2, 1, NULL, NULL),
(106, '3404101-048720', 'AKBAR ARIF SETIAWAN A.Md.RMIK', 'KLATEN', '1993-05-31', 'pria', 1, 'Jl. Prambanan-Piyungan km.7, Delegan, Sumberharjo, Prambanan', 'KABUPATEN SLEMAN', '\'08123001093', 'axbarif@gmail.com', 'RSUD Prambanan', NULL, 4, 2, 1, NULL, NULL),
(107, '3404101-050320', 'ANDHICA RAMADHAN A.Md.', 'YOGYAKARTA', '1991-03-22', 'pria', 1, 'sekip unit 1, caturtunggal, depok', 'KABUPATEN BANTUL', '\'087839799382', 'andhicaramadhan@gmail.com', 'Sekolah Vokasi UGM', NULL, 4, 2, 1, NULL, NULL),
(108, '3404101-051020', 'ASTRININGTYAS KUSDARYANTI AMD', 'KEDIRI', '1981-09-25', 'wanita', 1, 'RINGROAD UTARA 160 CONDONGCATUR DEPOK SLEMAN DIY', 'KOTA YOGYAKARTA', '\'085729888599', 'astri.n@rs-jih.co.id', 'RUMAH SAKIT JIH', 'Swasta', 4, 2, 1, NULL, NULL),
(109, '3404101-055620', 'ARISTA DIAN VARIZAL A.Md, RMIK', 'BANDUNG', '1988-02-15', 'pria', 1, 'Jl. Kesehatan No.1, Senolowo, Sinduadi, Kec. Mlati, Kabupaten Sleman, Daerah Istimewa Yogyakarta 55281', 'KABUPATEN SLEMAN', '\'081261357015', 'aristavarizal@gmail.com', 'RSUP Dr. Sardjito Yogyakarta', 'BLU', 4, 2, 1, NULL, NULL),
(110, '3404101-056320', 'AGUS DWI SANGAJI A.Md.RIMIK', 'SEMARANG', '1992-08-16', 'pria', 1, 'JL WATES KM 5.5 GAMPING', 'KABUPATEN BANTUL', '\'089604348884', 'ndhula@gmail.com', 'RS PKU MUHAMMADIYAH GAMPING', 'Swasta', 4, 2, 1, NULL, NULL),
(111, '3404101-062520', 'ASTRID ENDAH TIARA A.Md.Kes', 'SUKOHARJO', '1998-02-28', 'wanita', 1, 'Jl. Pandean II No.22c, Gandok, Caturtunggal, Sleman Yogyakarta', 'KABUPATEN SUKOHARJO', '\'081390583672', 'Astridtiarass13@gmail.com', 'Politeknik Kesehatan Permata Indonesia', NULL, 4, 2, 1, NULL, NULL),
(112, '3404101-062820', 'AYU TRISNA ARSITA A. Md Kes', 'SLEMAN', '1998-07-03', 'wanita', 1, 'Jl. Pandean II no. 22c, Gandok, Condongcatur, Depok, sleman, yogyakarta', 'KABUPATEN SLEMAN', '\'089673668060', 'Trisnayu03@gmail.com', 'Politeknik Kesehatan Permata Indonesia', NULL, 4, 2, 1, NULL, NULL),
(113, '3404101-062920', 'ANISA NURAINI A.Md.Kes', 'TANJUNG KELING', '1999-01-24', 'wanita', 1, 'Jl. Ringroad Utara No.22C Gandok, Condongcatur, Sleman, Yogyakarta', 'KOTA PAGAR ALAM', '\'082258259624', 'anisanuraini1999@gmail.com', 'Poltekkes Permata Indonesia Yogyakarta ', NULL, 4, 2, 1, NULL, NULL),
(114, '3404101-065020', 'AZIZAH NUR AINI A.Md', 'SUKOHARJO', '1999-03-23', 'wanita', 1, 'Sukoharjo', 'KABUPATEN SUKOHARJO', '\'085878410544', 'azizahnuraini2303@gmail.com', 'Rumah Sakit', 'TNI', 4, 2, 1, NULL, NULL),
(115, '3404101-065420', 'ANGGI WAHYUNINGTYAS A.Md.', 'PURWOREJO', '1999-05-30', 'wanita', 1, 'JALAN WR SUPRATMAN NO 183,  DUSUN II,CANGKREP LOR, PURWOREJO', 'KABUPATEN PURWOREJO', '\'081228007768', 'anggiwahyuningtyas@gmail.com', 'RUMAH SAKIT UMUM BUDI SEHAT ', NULL, 4, 2, 1, NULL, NULL),
(116, '3404101-068320', 'ADITYA KRISTIAWAN A.Md.', 'GUNUNGKIDUL', '1990-07-24', 'pria', 2, 'JL KESEHATAN SEKIP YOGYAKARTA', 'KABUPATEN GUNUNG KIDUL', '\'081346468880', 'kristiawanaditya@gmail.com', 'RSUP DR SARDJITO', 'PNS', 4, 2, 1, NULL, NULL),
(117, '3404101-074820', 'ARINDA ARUM ANJARWATI A.Md.Kes.', 'SLEMAN', '1996-11-25', 'wanita', 1, 'X', 'KOTA YOGYAKARTA', '\'085643177119', 'Arindaarum66@gmail.com', 'X', NULL, 4, 2, 1, NULL, NULL),
(118, '3404101-075420', 'ANISSA SYAHDRINA A.Md.', 'YOGYAKARTA', '1998-01-03', 'wanita', 1, 'Jalan Magelang KM 14 Medari Sleman', 'KABUPATEN SLEMAN', '\'087739255727', 'kembar160809@gmail.com', 'Klinik Pratama Kartika 0732/ Sleman', NULL, 4, 2, 1, NULL, NULL),
(119, '3404101-075820', 'ADEPINA MADEVI ALFIANNISA A.Md.', 'SLEMAN', '1998-06-21', 'wanita', 1, 'SIDOKERTO PURWOMARTANI KALASAN', 'KABUPATEN SLEMAN', '\'088229790801', 'alfianimadevi@gmail.com', 'UPT PUSKESMAS KALASAN', 'PNS', 4, 2, 1, NULL, NULL),
(120, '3404102-017318', 'BERTY MEDIANNY SUSANTO A.Md.', 'KLATEN', '1985-02-10', 'wanita', 1, 'JL. BHAYANGKARA NO. 48 TRIHARJO SLEMAN', 'KABUPATEN SLEMAN', '\'08122794551', 'medianny02@gmail.com', 'RSUD SLEMAN ', 'PNS', 4, 2, 1, NULL, NULL),
(121, '3404102-037319', 'BUDI TRI WAHYUNI A.MD', 'MAGELANG', '1991-09-01', 'wanita', 1, 'JL KESEHATAN YOGYAKARTA', 'KABUPATEN MAGELANG', '\'08974987181', 'buditriwahyuni@gmail.com', 'RSUP DR SARDJITO', NULL, 4, 2, 1, NULL, NULL),
(122, '3404102-038919', 'BAGAS RAHARJA Amd.RMIK', 'YOGYAKARTA', '1993-11-03', 'pria', 1, 'Jl Wates KM 5.5 Bodeh Ambarketawang Gamping Sleman', 'KABUPATEN BANTUL', '\'081568470928', 'bagasraharja@gmail.com', 'Rs Pku Muhammadiyah Gamping', NULL, 4, 2, 1, NULL, NULL),
(123, '3404102-040719', 'BAGAS RAHARJA Amd.RMIK', 'YOGYAKARTA', '1993-11-03', 'pria', 1, 'JL Wates Km 5,5 Bodeh Ambarketawang Gamping Sleman Yk', 'KOTA YOGYAKARTA', '\'081568470928', 'bagasraharja1993@gmail.com', 'RS Pku Muhammadiyah Gamping', 'Swasta', 4, 2, 1, NULL, NULL),
(124, '3404103-009518', 'CHRISTIANA DWI SURYATI AMD. RMIK', 'Kabupaten SEMARANG', '1982-04-08', 'wanita', 2, 'KLEPU, SENDANGMULYO, MINGGIR', 'KABUPATEN SLEMAN', '\'081328263161', 'anachristiana5@gmail.com', 'RSU PANTI BAKTININGSIH', NULL, 4, 2, 1, NULL, NULL),
(125, '3404103-039819', 'CHLARA NAPRILIA SARI A.Md RMIK', 'BANTUL', '1994-04-10', 'wanita', 1, 'JL WATES KM 5.5 AMBARKETAWANG GAMPING SLEMAN', 'KABUPATEN BANTUL', '\'', 'chlaranaprilia@gmail.com', 'RS PKU MUHAMMADIYAH GAMPING', NULL, 4, 2, 1, NULL, NULL),
(126, '3404103-054120', 'CHYU YANUARISKA A.Md', 'KLATEN', '1996-01-09', 'wanita', 1, ' Jl. Selokan Mataram, RT.06/RW.50, Meguwo, Maguwoharjo, Kec. Depok, Kabupaten Sleman, Daerah Istimewa Yogyakarta 55282', 'KABUPATEN KLATEN', '\'082135436588', 'chyuyanuariska@gmail.com', 'RS HERMINA YOGYAKARTA', NULL, 4, 2, 1, NULL, NULL),
(127, '3404104-000920', 'DHISA DEWANTARI A.Md.', 'KULON PROGO', '1994-09-07', 'wanita', 3, 'Jl. Kesehatan No. 1 Sekip Sinduadi, Mlati, Sleman, D.I. Yogyakarta', 'KABUPATEN KULON PROGO', '\'082314511115', 'dewantaridhisa@gmail.com', 'RSUP DR SARDJITO', 'PNS', 4, 2, 1, NULL, NULL),
(128, '3404104-002820', 'DESSY DWI ANGGRAINI A. Md', 'JAKARTA', '1989-12-17', 'wanita', 1, 'SELOKAN MATARAM', 'KOTA YOGYAKARTA', '\'085242898662', 'anggrainii089dessy@gmail.com', 'RS HERMINA YOGYA', NULL, 4, 2, 1, NULL, NULL),
(129, '3404104-008218', 'DYAH ALFIYATUN FITRIANI A.Md.', 'BANTUL', '1995-03-05', 'wanita', 1, 'Jl. Raya Piyungan - Prambanan No.KM. 7, Dinginan, Sumberharjo, Prambanan, Sleman, Yogyakarata', 'KOTA YOGYAKARTA', '\'089616680132', 'al.fitriani.fi@gmail.com', 'RSUD Prambanan', 'PNS', 4, 2, 1, NULL, NULL),
(130, '3404104-014918', 'DEWI WAHYU FEBA EMILIA A.Md.', 'CIANJUR', '1988-02-20', 'wanita', 5, 'JL KALIURANG KM 10 GONDANGAN SARDONOHARJO NGAGLIK ', 'KABUPATEN SLEMAN', '\'085725350428', 'feba.emilia@gmail.com', 'PUSKESMAS NGAGLIK I', 'PNS', 4, 2, 1, NULL, NULL),
(131, '3404104-018318', 'DAHLIA SUSILOWATI A. Md', 'KLATEN', '1994-10-16', 'wanita', 1, 'Jalan Ir. Soekarno No.KM. 2, Buntalan, Kec. Klaten Tengah, Kabupaten Klaten, Jawa Tengah 57419', 'KABUPATEN KLATEN', '\'085729515119', 'dahliasusilowati94@gmail.com', 'RSD Bagas Waras Kabupaten Klaten', 'PNS', 4, 2, 1, NULL, NULL),
(132, '3404104-021319', 'DIAN SAVITRI A.Md.', 'KENDAL', '1989-04-20', 'wanita', 1, 'Jalan Wijaya Kusuma Kutu Tegal Sinduadi Mlati', 'KABUPATEN SLEMAN', '\'0895375420534', 'ds4vitri@yahoo.co.id', 'Puskesmas Mlati 1', 'PNS', 4, 2, 1, NULL, NULL),
(133, '3404104-024219', 'DHESMA ANESTY A.md', 'WONOSOBO', '1993-12-26', 'wanita', 2, 'JL KALIURANG KM 17 PAKEM SLEMAN ', 'KOTA JAKARTA BARAT', '\'081807438925', 'DHESMA.ANESTY@GMAIL.COM', 'RS PANTI NUGROHO', 'Swasta', 4, 2, 1, NULL, NULL),
(134, '3404104-027419', 'DIAN KURNIA WIDI ASTUTI A.Md. Kes.', 'KULON PROGO', '1996-05-01', 'wanita', 1, 'KLEPU SENDANGMULYO MINGGIR SLEMAN ', 'KOTA YOGYAKARTA', '\'085725708452', 'diankurniawidi64@gmail.com', 'RSU PANTI BAKTININGSIH (CHARITAS HOSPITAL KLEPU)', 'Swasta', 4, 2, 1, NULL, NULL),
(135, '3404104-037019', 'DESI ASTUTI AMd. RMIK', 'SLEMAN', '1991-12-01', 'wanita', 2, 'JL. BHAYANGKARA NO.48 TRIHARJO SLEMAN', 'KABUPATEN SLEMAN', '\'085729744461', 'desidesiong819@gmail.com', 'RSUD SLEMAN', 'BLU', 4, 2, 1, NULL, NULL),
(136, '3404104-041719', 'DWI RAHAYUNINGSIH A.Md', 'AMBON', '1992-02-03', 'wanita', 1, 'JL. BHAYANGKARA NO. 48, TRIHARJO, SLEMAN', 'KOTA YOGYAKARTA', '\'085228724548', 'dra_ningsih@yahoo.com', 'RSUD SLEMAN', NULL, 4, 2, 1, NULL, NULL),
(137, '3404104-042019', 'DIAN PRASETIYA A.Md.RMIK', 'SLEMAN', '1993-12-24', 'pria', 1, 'Jl Bhayangkara No 48 Murangan Triharjo Sleman', 'KOTA YOGYAKARTA', '\'085729740811', 'dianprasetiya12345@gmail.com', 'RSUD SLEMAN', 'BLU', 4, 2, 1, NULL, NULL),
(138, '3404104-044719', 'DEDIK KRISTIAWAN GINTING A.Md', 'KENDAL', '1988-06-04', 'pria', 1, 'JL. KABUPATEN,LINGKAR UTARA, KRONGGAHAN, GAMPING', 'KABUPATEN SLEMAN', '\'082133770505', 'dedik_medrec@ugm.ac.id', 'RS AKADEMIK UGM', NULL, 4, 2, 1, NULL, NULL),
(139, '3404104-045119', 'DANY WIDYASTUTI A.Md', 'YOGYAKARTA', '1981-10-17', 'wanita', 1, 'JL. KABUPATEN, TRIHANGGO, GAMPING, SLEMAN', 'KABUPATEN BANTUL', '\'085927446688', 'danywidya.mr@ugm.ac.id', 'RS AKADEMIK UGM', 'PNS', 4, 2, 1, NULL, NULL),
(140, '3404104-048520', 'TIDAK ADA DEBY SONIAWATI A.md.AK', 'OKU TIMUR', '1994-12-15', 'wanita', 1, 'BABARSARI TB 16 NO.13 B CATURTUNGGAL DEPOK,SLEMAN,YOGYAKARTA', 'KOTA YOGYAKARTA', '\'0', 'debysoniawati@gmail.com', 'RSKIA SADEWA BABARSARI YOGYAKARTA', NULL, 4, 2, 1, NULL, NULL),
(141, '3404104-053920', 'DUHITA LUNDIANA SARI A.Md. RMIK', 'SLEMAN', '1991-11-06', 'wanita', 1, 'Jl. kesehatan No 1 Sekip Yogyakarta ', 'KOTA YOGYAKARTA', '\'081393314871', 'lundy.ndull@gmail.com', 'RSUP DR. Sardjito Yogyakarta', 'BLU', 4, 2, 1, NULL, NULL),
(142, '3404104-063820', 'DWI FAJARWATI A.MD.', 'JEPARA', '1997-06-03', 'wanita', 1, 'Jl. Gajah Mada, Dusun Empat, Bandungrejo, kec. Bayan. kab. Purworejo, Jawa Tengah', 'KABUPATEN SLEMAN', '\'08995620518', 'dwifajarwati80@gmail.com', 'UPT Puskesmas Bayan', 'BLU', 4, 2, 1, NULL, NULL),
(143, '3404104-070220', 'DINA ARIANTI A.Md. Kes', 'KEBUMEN', '1997-06-13', 'wanita', 1, 'Jln Ringroad Utara No 22 C, Gandok, Condong Catur, Depok, Sleman, DIY', 'KABUPATEN KEBUMEN', '\'087837914331', 'ariantidina26@gmail.com', 'Politeknik kesehatan Permata Indonesia', NULL, 4, 2, 1, NULL, NULL),
(144, '3404104-076120', 'DIMAS SURYA PRATAMA A.md.Kes', 'YOGYAKARTA', '1999-05-14', 'pria', 1, 'Belum Bekerja', 'KOTA YOGYAKARTA', '\'089510490819', 'pdimassurya@gmail.com', 'Belum Bekerja', NULL, 4, 2, 1, NULL, NULL),
(145, '3404105-012918', 'ERNA NURUL WAHYUNINGRUM A.Md.', 'WONOSOBO', '1985-06-14', 'wanita', 1, 'JL KESEHATAN NO 1 SEKIP YOGYAKARTA', 'KABUPATEN SLEMAN', '\'085713433913', 'jauzaizza85@gmail.com', 'RSUP DR SARDJITO YOGYAKARTA', 'PNS', 4, 2, 1, NULL, NULL),
(146, '3404105-016918', 'ERY RUSTIYANTO M. Kes', 'GROBOGAN', '1979-06-20', 'pria', 1, 'Jl.  Kabupaten -krongahan', 'KABUPATEN BANTUL', '\'085225150762', 'om_ery@yahoo.co.id', 'Rs. Akademik UGM', 'PNS', 4, 2, 1, NULL, NULL),
(147, '3404105-037819', 'ELFI IRIANTI AMD RMIK AMD RMIK', 'KLATEN', '1995-12-04', 'wanita', 1, 'JL. JOGJA-SOLO KM.14, KALASAN, SLEMAN', 'KABUPATEN KLATEN', '\'-', 'elfi041296@gmail.com', 'RS BHAYANGKARA YOGYAKARTA', 'Swasta', 4, 2, 1, NULL, NULL),
(148, '3404105-038619', 'EDWIN WIBOWO A.Md', 'SLEMAN', '1990-02-15', 'pria', 1, 'JL. KESEHATAN NO 1 SEKIP YOGYAKARTA', 'KOTA YOGYAKARTA', '\'08174119525', 'edwinwibowo68@gmail.com', 'RSUP DR SARDJITO YOGYAKARTA', NULL, 4, 2, 1, NULL, NULL),
(150, '3404105-044119', 'ENDIAH SHINTA IRINA A.Md', 'SLEMAN', '1989-09-06', 'wanita', 1, 'Jl ringroad utara Kronggahan Gamping Sleman', 'KABUPATEN KULON PROGO', '\'085740720043', 'shinta.alfatih@gmail.com', 'Rumah Sakit Akademik Universitas Gadjah Mada', 'PNS', 4, 2, 1, NULL, NULL),
(151, '3404105-044419', 'EMI RIASTITI A.Md', 'BANTUL', '1992-05-26', 'wanita', 1, 'JL. KESEHATAN NO. 1 SEKIP SINDUADI MLATI SLEMAN YOGYAKARTA 55284', 'KABUPATEN SLEMAN', '\'08985033778', 'emiriastiti@gmail.com', 'RSUP DR. SARDJITO YOGYAKARTA', 'PNS', 4, 2, 1, NULL, NULL),
(152, '3404105-049520', 'ENDAH KURNIASTUTI AMd', 'PALEMBANG', '1984-11-23', 'wanita', 1, 'KOROULON KIDUL BIMOMARTANI NGEMPLAK SLEMAN', 'KABUPATEN SLEMAN', '\'085702095014', 'endahnia23@gmail.com', 'PUSKESMAS NGEMPLAK 1', 'PNS', 4, 2, 1, NULL, NULL),
(153, '3404105-050520', 'EVA ISTANAWATI, A.MD A.Md', 'BANTUL', '1988-01-23', 'wanita', 1, 'Jl Kesehatan 1 Sekip Yogyakarta', 'KABUPATEN BANTUL', '\'08882653736', 'evaistanawati@gmail.com', 'RSUP Dr. Sardjito', NULL, 4, 2, 1, NULL, NULL),
(154, '3404105-051720', 'ERNA NOVITASARI A.Md', 'KARANGANYAR', '1992-11-28', 'wanita', 1, 'Jalan Kesehatan, Sekip Yogyakarta', 'KABUPATEN BANTUL', '\'085725303219', 'ernanovitasari28@gmail.com', 'RSUP DR SARDJITO', 'PNS', 4, 2, 1, NULL, NULL),
(155, '3404105-052120', 'EKA NUR INDAHSARI A.Md.Kes.', 'SLEMAN', '1996-07-29', 'wanita', 1, 'Klaci I Margoluwih Seyegan Sleman Yogyakarta', 'KABUPATEN SLEMAN', '\'085251269121', 'ekanurin29@gmail.com', 'Rumah Sakit Umum At-Turots Al-Islamy Yogyakarta', 'Swasta', 4, 2, 1, NULL, NULL),
(156, '3404105-064620', 'ELSA ROSSA ROESWARA A.Md', 'NGANJUK', '1999-05-30', 'wanita', 1, NULL, 'KABUPATEN NGANJUK', '\'082233679681', 'elsaroeswara@gmail.com', '-', NULL, 4, 2, 1, NULL, NULL),
(157, '3404106-000620', 'FEBRINA WAHYU PRASTININGSIH A.Md', 'KLATEN', '1990-02-05', 'wanita', 1, 'KARANGSARI WEDOMARTANI NGEMPLAK SLEMAN', 'KABUPATEN SLEMAN', '\'085729919611', 'febrinawardana@gmail.com', 'RS UAD', 'Swasta', 4, 2, 1, NULL, NULL),
(158, '3404106-002520', 'FITRIA CICI APRIANI A.Md.RMIK', 'TASIKMALAYA', '1991-04-16', 'wanita', 1, 'JL NYI TJONDROLOEKITO 60 SINDUADI MLATI SLEMAN', 'KABUPATEN SLEMAN', '\'085225539363', 'cicifitria.16@gmail.com', 'RSU SAKINA IDAMAN', 'Swasta', 4, 2, 1, NULL, NULL),
(159, '3404106-003220', 'FADILAH KOES HARDHANTI A. Md', 'SIDOARJO', '1994-05-19', 'wanita', 1, 'JALAN NYI TJONDROLOEKITO NO 60 BLUNYAHGEDE SINDUADI MLATI SLEMAN', 'KABUPATEN SLEMAN', '\'085755094711', 'dilah959415@gmail.com', 'RSU SAKINA IDAMAN', 'Swasta', 4, 2, 1, NULL, NULL),
(160, '3404106-003517', 'FAJAR HARINI Amd.PK', 'SURAKARTA', '1982-06-25', 'wanita', 1, 'SIDOKERTO PURWOMARTANI KALASAN SLEMAN', 'KABUPATEN SLEMAN', '\'085867121702', 'FAJARHARINI56@GMAIL.COM', 'PUSKESMAS KALASAN', 'PNS', 4, 2, 1, NULL, NULL),
(161, '3404106-014518', 'FITRA DWI HERWANTI A.MD', 'SLEMAN', '1987-05-25', 'wanita', 1, 'JALAN KALIURANG KM.17 PAKEMBINANGUN PAKEM', 'KABUPATEN SLEMAN', '\'081578852278', 'fitradh@gmail.com', 'RUMAH SAKIT JIWA GRHASIA DIY', 'PNS', 4, 2, 1, NULL, NULL),
(162, '3404106-014818', 'FITRIYANI EMMA WISKA PUTANTRI A.Md.PerKes', 'KLATEN', '1987-04-24', 'wanita', 1, 'SRIBIT, SENDANGTIRTO, BERBAH', 'KABUPATEN KLATEN', '\'085694543914', 'emmapangarso@gmail.com', 'PUSKESMAS BERBAH', 'PNS', 4, 2, 1, NULL, NULL),
(163, '3404106-017518', 'FATHIMAH NUR KHOIRUNNISA A.Md.', 'YOGYAKARTA', '1987-08-20', 'wanita', 1, 'JL. KESEHATAN NO.1 ', 'KOTA YOGYAKARTA', '\'085228913953', 'fathnurnisa@gmail.com', 'RSUP DR. SARDJITO ', 'PNS', 4, 2, 1, NULL, NULL),
(164, '3404106-036119', 'FERRYANA RUSMANA SARI SKM', 'SLEMAN', '1984-02-06', 'wanita', 1, 'JL KALIURANG KM 17 PAKEM', 'KABUPATEN SLEMAN', '\'087719972009', 'ferryanarusmanasari@yahoo.com', 'RSJ GRHASIA DIY', 'PNS', 4, 2, 1, NULL, NULL),
(165, '3404106-041819', 'FEBRINA YUNI ISWANTI A.Md.', 'BANTUL', '1993-02-05', 'wanita', 1, 'JL WATES KM 5,5, AMBARKETAWANG, GAMPING, SLEMAN, YOGYAKARTA', 'KABUPATEN BANTUL', '\'082225550097', 'febrinaiswa93@gmail.com', 'RS PKU MUHAMMADIYAH GAMPING', 'Swasta', 4, 2, 1, NULL, NULL),
(166, '3404106-042519', 'FADHILA LAILY AMALIA ARIZONA A.Md RMIK', 'GUNUNGKIDUL', '1993-03-11', 'wanita', 1, 'Jl. Prambanan-Piyungan km.7, Delegan, Sumberharjo', 'KABUPATEN GUNUNG KIDUL', '\'085643553907', 'dilu.amma9@gmail.com', 'RSUD PRAMBANAN', 'PNS', 4, 2, 1, NULL, NULL),
(167, '3404106-043919', 'FRIDA DAMAR NURSEPTI A.Md', 'SLEMAN', '1993-09-30', 'wanita', 1, 'Jalan Bhayangkara No.48, Triharjo,Kec.Sleman,Kab. Sleman', 'KOTA YOGYAKARTA', '\'081213368313', 'fridadamar801@gmail.com', 'RSUD Sleman', 'PNS', 4, 2, 1, NULL, NULL),
(168, '3404106-045719', 'FAJAR KURNIAWAN A.Md', 'GUNUNGKIDUL', '1984-11-29', 'pria', 1, 'Jl. WATES KM 5,5 GAMPING SLEMAN', 'KABUPATEN BANTUL', '\'083101401258', 'fajar29.fk@gmail.com', 'RS PKU MUHAMMADIYAH GAMPING', 'Swasta', 4, 2, 1, NULL, NULL),
(169, '3404106-047220', 'FEBRINA AVIANI A.Md RMIK', 'SURAKARTA', '1991-02-17', 'wanita', 1, 'JL SOLO KM 12,5 KALASAN ', 'KOTA SURAKARTA', '\'085669102062', 'febrinaaviani@gmail.com', 'RSIY PDHI YOGYAKARTA', 'Swasta', 4, 2, 1, NULL, NULL),
(170, '3404106-048920', 'FITRI AMALIA REKSADIANA A. Md.', 'BREBES', '1993-04-21', 'wanita', 1, 'JL KESEHATAN SEKIP YOGYAKARTA', 'KABUPATEN SLEMAN', '\'085727777155', 'fitri.amalia.reksa@gmail.com', 'RSUP DR SARDJITO', 'PNS', 4, 2, 1, NULL, NULL),
(171, '3404106-051420', 'FITRI WAHYUNINGRUM A.Md.', 'SLEMAN', '1990-04-26', 'wanita', 1, 'JL. Solo Km 12,5 Kalasan Sleman Yogyakarta 55571', 'KOTA YOGYAKARTA', '\'-', 'fitriwahyuningrum90@gmail.com', 'RSI YOGYAKARTA PDHI ', 'Swasta', 4, 2, 1, NULL, NULL),
(172, '3404106-060820', 'FERDIAN SULISTYO WIJAYANTO Amd. RMIK', 'SLEMAN', '1991-10-10', 'pria', 1, 'Jl. Kesehatan No.1 Sekip Sinduadi Yogyakarta', 'KABUPATEN SLEMAN', '\'081212527125', 'Ferdiansulistyo55@gmail.com', 'RSUP DR SARDJITO', NULL, 4, 2, 1, NULL, NULL),
(173, '3404106-065620', 'FASYSYA RAHAJENG KUMALANINGTYAS A.Md.', 'SLEMAN', '1999-04-04', 'wanita', 1, NULL, 'KABUPATEN SLEMAN', '\'085290824121', 'fasysya.rahajeng@gmail.com', '-', NULL, 4, 2, 1, NULL, NULL),
(174, '3404106-075020', 'FICA AINUN A TOMBOLOTUTU a.md.kes', 'TULO', '1998-12-08', 'wanita', 1, 'jl maluku palu selatan sulawesi tengah', 'KABUPATEN SIGI', '\'082117349481', 'fica.azhar@gmail.com', 'rs budi agung palu', NULL, 4, 2, 1, NULL, NULL),
(175, '3404106-076020', 'FAUZIANA ENDAH SAFITRI A.Md.RMIK', 'SRAGEN', '1994-03-19', 'wanita', 1, 'JL.KEBON AGUNG,CABAKAN,SUMBERADI,MLATI,SLEMAN', 'KABUPATEN SUKOHARJO', '\'089515204949', 'FAUZIANAENDAH@GMAIL.COM', 'UPT PUSKESMAS MLATI II', NULL, 4, 2, 1, NULL, NULL),
(176, '3404107-016118', 'GUSDAYANI SIREGAR A.Md.PerKes', 'KUOK', '1986-08-22', 'wanita', 1, 'Jl. Bhayangkara No. 48 Triharjo Sleman', 'KABUPATEN SLEMAN', '\'081328893924', 'gusdaguntur@yahoo.co.id', 'RSUD SLEMAN', 'PNS', 4, 2, 1, NULL, NULL),
(177, '3404107-040119', 'GHINA SYAFILLA EKAPUTRI A.Md.RMIK', 'YOGYAKARTA', '1995-09-29', 'wanita', 1, 'Jalan Wates KM 5,5 AMBARKETAWANG, GAMPING, SLEMAN, YK', 'KOTA YOGYAKARTA', '\'089631151124', 'ghinasyafillaep@gmail.com', 'RS PKU MUHAMMADIYAH GAMPING', 'Swasta', 4, 2, 1, NULL, NULL),
(178, '3404107-068220', 'GALUH IRA HARYATI A.Md.', 'BENGKULU', '1990-11-09', 'wanita', 1, 'JLN. KESEHATAN, SEKIP YOGYAKARTA 55284', 'KABUPATEN KLATEN', '\'085643359788', 'gloura99@gmail.com', 'RUMAH SAKIT UMUM PUSAT Dr. SARDJITO', 'PNS', 4, 2, 1, NULL, NULL),
(179, '3404108-001520', 'HENDRY SUTARMI A.Md.RMIK', 'SLEMAN', '1994-08-11', 'wanita', 1, 'JL WATES KM 09 NGARAN BALECATUR GAMPING SLEMAN ', 'KOTA YOGYAKARTA', '\'087736977622', 'LOVEEMII1994@GMAIL.COM', 'RSU MITRA SEHAT ', 'Swasta', 4, 2, 1, NULL, NULL),
(180, '3404108-002420', 'HANA SAPUTRI', 'SLEMAN', '1995-06-15', 'wanita', 1, '-', 'KABUPATEN SLEMAN', '\'087834411895', 'saputrihana91@gmail.com', 'kosong', NULL, 4, 2, 1, NULL, NULL),
(181, '3404108-016418', 'HARRIYANDONNI AGUNG IMAM SAPUTRO A.Md', 'JAKARTA', '1981-11-24', 'pria', 1, 'JL. LELY III PERUMNAS CONDONGCATUR', 'KABUPATEN SLEMAN', '\'081328759262', 'donni_aja@yahoo.com', 'PUSKESMAS DEPOK II', 'PNS', 4, 2, 1, NULL, NULL),
(182, '3404108-039419', 'HERNANDITA PRITANTYARA Amd RMIK', 'SLEMAN', '1996-04-06', 'wanita', 1, NULL, 'KOTA YOGYAKARTA', '\'087838972768', 'hernanditapritantyara@gmail.com', 'Rumah sakit condong catur', NULL, 4, 2, 1, NULL, NULL),
(183, '3404108-040019', 'HASNARATNA MAYA INDRASARI A.Md', 'SLEMAN', '1995-01-26', 'wanita', 1, 'Nanggulan Maguwoharjo Depok Sleman', 'KABUPATEN SLEMAN', '\'089654697059', 'mhasnaratna@gmail.com', 'Puskesmas Depok I', 'PNS', 4, 2, 1, NULL, NULL),
(184, '3404108-041619', 'HANUNG DWI PRASETYO A.Md', 'KLATEN', '1990-04-14', 'pria', 1, 'Jl.Ring Road Utara No 160 Condong Catur Depok', 'KABUPATEN KLATEN', '\'085766661501', 'hanungprasetyo90@gmail.com', 'RS &amp;quot;JIH&amp;quot;', 'Swasta', 4, 2, 1, NULL, NULL),
(185, '3404108-042219', 'HANUM PUTRI CAHYANINGRUM AMD', 'BANTUL', '1992-08-19', 'wanita', 1, 'JL. WATES KM 5,5 AMBARKETAWANG GAMPING ', 'KABUPATEN BANTUL', '\'089648741001', 'HANUMPUTRIC@YAHOO.COM', 'RS PKU MUHAMMADIYAH GAMPING', 'Swasta', 4, 2, 1, NULL, NULL),
(186, '3404108-042319', 'HERI NUR HIDAYAT A.Md.RMIK', 'SLEMAN', '1992-01-04', 'pria', 1, 'Sribit Sendangtirto Berbah Sleman', 'KABUPATEN SLEMAN', '\'085842379300', 'herinurh1@gmail.com', 'Puskesmas Berbah', 'Swasta', 4, 2, 1, NULL, NULL),
(187, '3404108-042919', 'HANA SAPUTRI A. Md', 'SLEMAN', '1995-06-15', 'wanita', 1, NULL, 'KABUPATEN SLEMAN', '\'087834411895', 'hanasaputri25@yahoo.com', 'kosong', NULL, 4, 2, 1, NULL, NULL),
(188, '3404108-044919', 'HANIDAH CAHYANING KUSUMA A.Md.', 'SLEMAN', '1995-03-18', 'wanita', 1, 'JL KALIURANG KM 17 PAKEMBINANGUN PAKEM', 'KABUPATEN SLEMAN', '\'085643916665', 'hanidahcahya@gmail.com', 'RUMAH SAKIT JIWA GRHASIA', 'PNS', 4, 2, 1, NULL, NULL),
(189, '3404108-045519', 'HAMZULIDA BARIDATUL ANIS A.Md.RMIK', 'SLEMAN', '1992-08-23', 'wanita', 1, 'JL. MANGGIS NO.6 GEMPOL CONDONGCATUR SLEMAN ', 'KOTA YOGYAKARTA', '\'-', 'hamzulida.anis@gmail.com', 'RUMAH SAKIT CONDONG CATUR', NULL, 4, 2, 1, NULL, NULL),
(190, '3404108-052820', 'HERI NUR HIDAYAT A.Md.RMIK', 'SLEMAN', '1992-01-04', 'pria', 1, 'SRIBIT SENDANGTIRTO BERBAH SLEMAN', 'KABUPATEN SLEMAN', '\'085842379300', 'herinurh1@gmail.com', 'PUSKESMAS BERBAH', NULL, 4, 2, 1, NULL, NULL),
(191, '3404108-064520', 'HENOKH SONY KURNIAWAN A. Md. Kes.', 'SLEMAN', '1997-06-19', 'pria', 3, 'Jl. Hayam Wuruk No. 6, Bausasran, Kota Yogyakarta', 'KOTA YOGYAKARTA', '\'08164285746', '1317111.sony.kurniawan@gmail.com', 'RS Bethesda Lempuyangwangi', NULL, 4, 2, 1, NULL, NULL),
(192, '3404108-065220', 'HALIMAH ZAINI HASIBUAN A.Md', 'BINJAI', '2000-02-27', 'wanita', 1, NULL, 'KOTA MEDAN', '\'081375155598', 'halima.zaini02@gmail.com', '-', NULL, 4, 2, 1, NULL, NULL),
(193, '3404108-066420', 'HASNA ULYA&#039; FAHDAH A.Md.', 'SLEMAN', '1998-05-24', 'wanita', 1, NULL, 'KABUPATEN SLEMAN', '\'085740555292', 'hasnaulyafahdah@gmail.com', '-', NULL, 4, 2, 1, NULL, NULL),
(194, '3404108-066720', 'HANIF FADHILAH EKTY SEKARINGTYAS Amd. Kes', 'SLEMAN', '1999-03-11', 'wanita', 1, 'RING ROAD UTARA NO 22C GANDOK, DEPOK,  SLEMAN YOGYAKARTA', 'KABUPATEN SLEMAN', '\'085785036566', 'haniffadhilah31@gmail.com', 'POLITEKNIK KESEHATAN PERMATA INDONESIA', NULL, 4, 2, 1, NULL, NULL),
(195, '3404108-067620', 'HARISA AGUS SETIA EFENDI Amd.RMIK', 'SRAGEN', '1995-08-06', 'pria', 1, 'Jalan Lili Kembang No 17 Karangploso Maguwoharjo Depok Sleman Yogyakarta Kode Pos 55282', 'KABUPATEN BANTUL', '\'089526980108', 'harisaagus32@gmail.com', 'Rumah Sakit Bunga Bangsa Medika', NULL, 4, 2, 1, NULL, NULL),
(196, '3404108-069020', 'HANIFFA ASARI A.MD.Kes', 'SLEMAN', '1996-05-01', 'wanita', 1, 'JL. WATE KM 5.5 BODEH AMBARKETAWANG GAMPING', 'KABUPATEN SLEMAN', '\'081328902020', 'haniffaasari@gmail.com', 'RS PKU MUHAMMADIYAH GAMPPING YOGYAKARTA', NULL, 4, 2, 1, NULL, NULL),
(197, '3404108-069820', 'A.Md HAMDANI MUSTOFA, A.MD.RMIK RMIK', 'SLEMAN', '1991-10-24', 'pria', 1, 'Jl. Raya Ngemplak kemasan, ngemplak widodomartani', 'KABUPATEN SLEMAN', '\'083149983900', 'danymilan7400@gmail.com', 'RSU MITRA PARAMEDIKA', NULL, 4, 2, 1, NULL, NULL),
(198, '3404109-001620', 'INDAH LESTARI A.Md', 'BATUL', '1986-02-11', 'wanita', 1, 'JL SOLO KM 12,5 KALASAN YOGYAKARTA', 'KOTA YOGYAKARTA', '\'082290151968', 'lestariindah8614@gmail.com', 'RSIY PDHI', 'Swasta', 4, 2, 1, NULL, NULL),
(199, '3404109-002320', 'IDA AYU NUR FAIZA A. Md', 'WONOSOBO', '1995-06-15', 'wanita', 1, 'JL KALIURANG KM 17 YOGYAKARTA', 'KABUPATEN SLEMAN', '\'082136102120', 'idayunurfaiza@gmail.com', 'RSJ GRHASIA DIY', 'PNS', 4, 2, 1, NULL, NULL),
(200, '3404109-018018', 'IKA ARIA DANI AMd, SKM', 'YOGYAKARTA', '1983-09-19', 'wanita', 1, 'JL. SOLO KM 14 KALASAN SLEMAN ', 'KOTA YOGYAKARTA', '\'08562926412', 'ariadaniika@yahoo.co.id', 'RS. BHAYANGKARA POLDA DIY', 'PNS', 4, 2, 1, NULL, NULL),
(201, '3404109-024619', 'ISMAWATI A.Md.', 'SLEMAN', '1987-09-18', 'wanita', 1, 'RANDUSONGO, DONOKERTO, TURI', 'KABUPATEN SLEMAN', '\'081802774156', 'isma46falah@gmail.com', 'PUSKESMAS TURI, SLEMAN', 'BLU', 4, 2, 1, NULL, NULL),
(202, '3404109-034019', 'IZZATUN NAFSI Ahli Madya', 'SAMARINDA', '1993-07-10', 'wanita', 1, 'JL. SOLO KM 12,5 KALASAN ', 'KABUPATEN SLEMAN', '\'085736556657', 'iz.nafsi@gmail.com', 'RSIY PDHI', NULL, 4, 2, 1, NULL, NULL),
(203, '3404109-035019', 'IKE YULIANA AMd. RMIK', 'SUKOHARJO', '1993-07-15', 'wanita', 1, 'Jl. Kesehatan No.1, Senolowo, Sinduadi, Mlati, Kabupaten Sleman, Daerah Istimewa Yogyakarta 55281', 'KABUPATEN SLEMAN', '\'081904788984', 'ike.yuliana@ymail.com', 'RSUP DR. SARDJITO', 'PNS', 4, 2, 1, NULL, NULL),
(204, '3404109-038519', 'ILKA ELLIANI A.Md.RMIK', 'SLEMAN', '1992-11-09', 'wanita', 1, 'jl. kesehatan no 1 sekip yogyakarta', 'KOTA YOGYAKARTA', '\'085729655723 / 0895391005112', 'ilka.el34@gmail.com', 'RSUP dr. SARDJITO', NULL, 4, 2, 1, NULL, NULL),
(205, '3404109-039319', 'IKA PRIHATI NINGRUM A.Md.RMIK', 'SLEMAN', '1996-07-10', 'wanita', 1, 'Babarsari TB 16 No.13 Caturtunggal, Depok, Sleman, Yogyakarta', 'KOTA YOGYAKARTA', '\'08562988704', 'Ikaningrum10@gmail.com', 'RSKIA SADEWA', 'Swasta', 4, 2, 1, NULL, NULL),
(206, '3404109-044319', 'INDAH NUR CAHYANI AMD. RMIK', 'KLATEN', '1994-03-14', 'wanita', 1, 'JL. SOLO 12.5 KM KALASAN YOGYAKARTA', 'KABUPATEN SLEMAN', '\'085640971759', 'indahnurc14@gmail.com', 'RSI YOGYAKARTA PDHI', 'Swasta', 4, 2, 1, NULL, NULL),
(207, '3404109-048220', 'IKA EVIANA A.Md', 'KEBUMEN', '1995-05-09', 'wanita', 1, 'Jl. Lelly III Perumnas Condongcatur Depok Sleman', 'KABUPATEN SLEMAN', '\'083845753544', 'evianaika@gmail.com', 'Puskesmas Depok II', NULL, 4, 2, 1, NULL, NULL),
(208, '3404109-049620', 'ISTIKHOMAH MARYSANTO A.Md', 'JAKARTA', '1984-08-08', 'wanita', 1, 'KOROULON LOR NGEMPLAK  BIMOMARTANI', 'KABUPATEN KLATEN', '\'085292295988', 'istikhomahmary84@gmail.com', 'PUSKESMAS NGEMPLAK I', 'PNS', 4, 2, 1, NULL, NULL),
(209, '3404109-068920', 'INNA FITRIANA A.Md., SKM', 'SLEMAN', '1993-10-08', 'wanita', 1, 'Tambaklelo rt05 Tambakrejo Tempel Sleman', 'KOTA YOGYAKARTA', '\'087824463229', 'ifitriana182@gmail.com', 'CV Tunas Jaya Farm', NULL, 4, 2, 1, NULL, NULL),
(210, '3404109-075920', 'IKA PUSPITASARI A.Md.', 'PACITAN', '1996-07-15', 'wanita', 1, 'Jl. Bhayangkara No.48, Temulawak, Triharjo, Kec. Sleman, Kabupaten Sleman, Daerah Istimewa Yogyakarta 55514', 'KABUPATEN SLEMAN', '\'085955022366', 'ikari.sari157@gmail.com', 'RSUD SLEMAN', 'PNS', 4, 2, 1, NULL, NULL),
(211, '3404109-076520', 'IVANNA SI DEA EDA A.Md.', 'YOGYAKARTA', '1999-05-30', 'wanita', 1, 'Jl. Nyi Tjondrolukito No.60, Kutu Dukuh, Sinduadi, Mlati', 'KOTA MAGELANG', '\'089636398941', 'ivannadea.id@gmail.com', 'RSU SAKINA IDAMAN', NULL, 4, 2, 1, NULL, NULL),
(212, '3404110-046219', 'JESSICA FEBYOLANDA A.Md', 'CIREBON', '1993-02-04', 'wanita', 1, 'JL.PALAGAN TENTARA PELAJAR KM 13 KAYUNAN DONOHARJO NGAGLIK SLEMAN', 'KABUPATEN SLEMAN', '\'082135300419', 'jfbadhary@gmail.com', 'PUSKESMAS NGAGLIK II', 'PNS', 4, 2, 1, NULL, NULL),
(213, '3404110-063220', 'JAWADUL KHALIM A.Md.Kes', 'KEBUMEN', '1998-12-20', 'pria', 1, 'Jl. Ringroad Utara No. 22 C Gandok, Condong Catur, Depok, Sleman, Yogyakarta', 'KABUPATEN KEBUMEN', '\'0895392232422', 'jawadulkhalim@gmail.com', 'Politeknik Kesehatan Permata Indonesia Yogjakarta', NULL, 4, 2, 1, NULL, NULL),
(214, '3404110-074920', 'JULIA DIAN PRATIWI A.Md.', 'KULON PROGO', '1994-07-19', 'wanita', 1, 'Jl. Kesehatan No.1, Senolowo, Sinduadi, Kec. Mlati, Kabupaten Sleman, Daerah Istimewa Yogyakarta ', 'KOTA YOGYAKARTA', '\'087871757569', 'juliadianp@gmail.com', 'RSUP Dr. SARDJITO', 'PNS', 4, 2, 1, NULL, NULL),
(215, '3404111-041519', 'KURNIA MAHARANI A.Md', 'KLATEN', '1996-08-03', 'wanita', 1, 'Jl. Solo KM 12,5, KALASAN, SLEMAN, YOGYAKARTA', 'KABUPATEN KLATEN', '\'089673113604', 'kurnia.maharani47@gmail.com', 'RSIY PDHI', 'Swasta', 4, 2, 1, NULL, NULL),
(216, '3404111-044819', 'KUSTINI DWI LESTARI A.Md', 'YOGYAKARTA', '1989-09-20', 'wanita', 1, 'JL. KESEHATAN NO. 1 SEKIP SINDUADI MLATI SLEMAN YOGYAKARTA 55284', 'KOTA YOGYAKARTA', '\'085643495155', 'kustinidwilestari@gmail.com', 'RSUP DR SARDJITO', 'BLU', 4, 2, 1, NULL, NULL),
(217, '3404111-050620', 'KHOIRUNNISYA NUURUL IKHSANI A.Md.Kes.', 'SLEMAN', '1996-07-24', 'wanita', 1, 'PANGGUNG,ARGOMULYO,CANGKRINGAN', 'KOTA YOGYAKARTA', '\'', 'khoirunnisya2709@gmail.com', 'PUSKESMAS CANGKRINGAN', 'BLU', 4, 2, 1, NULL, NULL),
(218, '3404111-060520', 'KARIMUL WAFA A.Md.RMIK', 'TELUK DALAM', '1995-07-31', 'pria', 1, 'JL WATES KM 5,5 AMBARKETAWANG GAMPING SLEMAN', 'KABUPATEN SLEMAN', '\'082242536131', 'wafa.jogja@gmail.com', 'RS PKU MUHAMMADIYAH GAMPING', 'Swasta', 4, 2, 1, NULL, NULL),
(219, '3404111-065320', 'KHALID ABDURRAHIM A.Md.', 'JAKARTA', '1998-06-23', 'pria', 1, 'x', 'KABUPATEN KLATEN', '\'081317308350', 'khalid.ar6@gmail.com', 'x', NULL, 4, 2, 1, NULL, NULL),
(220, '3404112-000420', 'LUTHFI NISRINA SALSABILA A.Md.RMIK', 'PURWOREJO', '1996-10-05', 'wanita', 1, 'JALAN BHAYANGKARA NO. 48, TRIHARJO SLEMAN', 'KOTA YOGYAKARTA', '\'085715181834', 'luthfisalsabilaa@gmail.com', 'RSUD SLEMAN', NULL, 4, 2, 1, NULL, NULL),
(221, '3404112-014618', 'LISNAWATI A.Md', 'BANTUL', '1990-12-18', 'wanita', 1, 'Jln Kesehatan No 1 Sekip Yogyakarta', 'KOTA YOGYAKARTA', '\'085878801773', 'fabiantrisna@gmail.com', 'RSUP Dr. Sardjito', 'BLU', 4, 2, 1, NULL, NULL),
(222, '3404112-035219', 'LISA FITRIANI WIBOWO A.Md.Kes', 'KLATEN', '1997-01-28', 'wanita', 1, 'Jalan Babarsari Blok TB 16 No. 13B, Caturtunggal, Depok, Tambak Bayan, Caturtunggal, Kec. Depok, Kabupaten Sleman, Daerah Istimewa Yogyakarta', 'KABUPATEN KLATEN', '\'081239510023 ', 'lisa.fitriani58@gmail.com', 'RSKIA SADEWA ', NULL, 4, 2, 1, NULL, NULL),
(223, '3404112-043419', 'LENTY WAHYU NOVIATRI A.Md', 'SLEMAN', '1995-11-26', 'wanita', 3, 'Jalan Kaliurang Km 17.5 Pakembinangun, Pakem', 'KABUPATEN SLEMAN', '\'081802742824', 'lenty.w.n@gmail.com', 'Puskesmas Pakem', 'PNS', 4, 2, 1, NULL, NULL),
(224, '3404112-047520', 'LENA FAUZIA MAHARISTI A.md. RMIK', 'SLEMAN', '1993-02-21', 'wanita', 1, 'JALAN BHAYANGKARA NO 48 MURANGAN TRIHARJO SLEMAN', 'KOTA YOGYAKARTA', '\'085728184445', 'lenafauzia2016@gmail.com', 'RSUD SLEMAN', 'Swasta', 4, 2, 1, NULL, NULL),
(225, '3404112-062020', 'LENY SAWITRI A.Md.Kes', 'KEBUMEN', '1998-05-24', 'wanita', 1, 'Jl. Ringroad Utara No. 22 C Gandok, Condong Catur, Depok, Sleman, Yogyakarta', 'KABUPATEN KEBUMEN', '\'083896650272', 'sawitri2498@gmail.com', 'Politeknik Kesehatan Permata Indonesia', NULL, 4, 2, 1, NULL, NULL),
(226, '3404112-065520', 'LARAS SUARTIKA A.Md.', 'WONOGIRI', '1998-12-21', 'wanita', 1, 'Sleman', 'KABUPATEN WONOGIRI', '\'082225138602', 'larassuartika2@gmail.com', 'Rumah Sakit', NULL, 4, 2, 1, NULL, NULL),
(227, '3404113-015118', 'MARTINA NINGSIH RAHAYU A.Md', 'SLEMAN', '1989-03-23', 'wanita', 1, 'Jl. Komp. Colombo No.50a, Mrican, Caturtunggal, Kec. Depok, Kabupaten Sleman, Daerah Istimewa Yogyakarta 55281', 'KABUPATEN SLEMAN', '\'085747949464', 'martinaningsihr@gmail.com', 'PUSKESMAS DEPOK III', 'PNS', 4, 2, 1, NULL, NULL),
(228, '3404113-015218', 'MAHENDRO JOKO PRABOWO A.Md.', 'SLEMAN', '1985-12-21', 'pria', 3, 'JALAN BHAYANGKARA NOMOR 48,TRIHARJO, SLEMAN, YOGYAKARTA', 'KABUPATEN SLEMAN', '\'085713813999', 'jack.senkou@gmail.com', 'RUMAH SAKIT UMUM DAERAH SLEMAN', 'PNS', 4, 2, 1, NULL, NULL),
(229, '3404113-017918', 'MUJI RAHAYU A.Md', 'SLEMAN', '1977-03-25', 'wanita', 1, 'Jl. Kaluirang KM 17 Pakem ', 'KABUPATEN BANTUL', '\'085868762770', 'Mujierhayu77@gmail.com', 'RSJ Grhasia', 'PNS', 4, 2, 1, NULL, NULL),
(230, '3404113-032619', 'MAFTUKHAH FAKJUNDARYANI A.Md. Kes.', 'SLEMAN', '1996-06-19', 'wanita', 1, 'KLEPU SENDANGMULYO MINGGIR SLEMAN', 'KOTA YOGYAKARTA', '\'083844602726', 'maftukhahyani@gmail.com', 'RSU PANTI BAKTININGSIH (CHARITAS HOSPITAL KLEPU)', NULL, 4, 2, 1, NULL, NULL),
(231, '3404113-037719', 'MARTHAN DWI ASMONO A.Md', 'BANTUL', '1990-09-23', 'pria', 1, 'JL KESEHATAN NO 1 SEKIP SINDUADI MLATI SLEMAN', 'KABUPATEN BANTUL', '\'085643040404', 'marthanndwi@gmail.com', 'RSUP DR SARDJITO', 'PNS', 4, 2, 1, NULL, NULL),
(232, '3404113-038119', 'MARIO ENGELBERTO MAUK A.Md.RMIK', 'ATAMBUA', '1989-04-18', 'pria', 2, 'JL. JOGJA SOLO KM 14 TIRTOMARTANI KALASAN SLEMAN', 'KOTA YOGYAKARTA', '\'082237074173', 'marioengelberto04@gmail.com', 'RUMAH SAKIT BHAYANGKARA POLDA DIY', NULL, 4, 2, 1, NULL, NULL),
(233, '3404113-059220', 'MIRLIYANA PUTRI SAGITA A.MD, RMIK', 'YOGYAKARTA', '1989-11-25', 'wanita', 3, 'JL MANGGIS NO 6, GEMPOL, CONDONG CATUR, DEPOK, SLEMAN', 'KOTA YOGYAKARTA', '\'082225142002', 'mirliyana@gmail.com', 'RS CONDONG CATUR YOGYAKARTA', NULL, 4, 2, 1, NULL, NULL),
(234, '3404114-015318', 'NOFITASARI A.Md RMIK', 'SLEMAN', '1995-11-22', 'wanita', 1, 'Jl. Raya Ngemplak Kemasan Widodomartani Ngemplak Sleman', 'KABUPATEN SLEMAN', '\'085735103205', 'Nofitafitasari74@gmail.com', 'RSU MITRA PARAMEDIKA', 'Swasta', 4, 2, 1, NULL, NULL),
(235, '3404114-016318', 'NOVA SANDI VIRAWATI A.Md', 'KULON PROGO', '1980-11-24', 'wanita', 2, 'MINGGIR III SENDANGAGUNG MINGGIR', 'KABUPATEN KULON PROGO', '\'085747277727', 'novavirawati@gmail.com', 'PUSKESMAS MINGGIR', 'PNS', 4, 2, 1, NULL, NULL),
(236, '3404114-035519', 'NUZUL YUDA NUGROHO A.Md', 'SLEMAN', '1988-07-22', 'pria', 1, 'Jl PRAMBANAN PIYUNGAN KM 7 DELEGAN SUMBERHARJO PRAMBANAN SLEMAN', 'KABUPATEN SLEMAN', '\'082227198385', 'nuzul.yuda@gmail.com', 'RSUD PRAMBANAN', 'PNS', 4, 2, 1, NULL, NULL),
(237, '3404114-038719', 'NATHALIA YULI PUSPITASARI A.Md.P.K.', 'SRAGEN', '1981-07-17', 'wanita', 1, 'JL.BESI-JANGKANG WIDODOMARTANI NGEMPLAK', 'KABUPATEN SLEMAN', '\'081325283668', 'nathaliayuli@yahoo.co.id', 'PUSKESMAS NGEMPLAK II', 'PNS', 4, 2, 1, NULL, NULL),
(238, '3404114-039019', 'NURI SULISTIYANTI A.Md', 'SLEMAN', '1989-10-04', 'wanita', 1, 'JL. KALIURANG KM 10 GONDANGAN SARDONOHARJO NGAGLIK', 'KABUPATEN SLEMAN', '\'085228289006', 'soulize89ns@gmail.com', 'UPT PUSKESMAS NGAGLIK I', 'PNS', 4, 2, 1, NULL, NULL),
(239, '3404114-039219', 'NUR FITRI ROYANI A.Md PK', 'BOYOLALI', '1990-06-13', 'wanita', 1, 'jl. kaliurang Km 17,5 tegalsari, pakembinangun, pakem', 'KABUPATEN SLEMAN', '\'082314453313', 'fitri_royani@yahoo.com', 'puskesmas pakem', 'PNS', 4, 2, 1, NULL, NULL),
(240, '3404114-043219', 'NANIK PUJIASTUTI A.Md', 'SUKOHARJO', '1981-02-21', 'wanita', 1, 'JL. SOLO KM. 12,5 KALASAN SLEMAN', 'KOTA YOGYAKARTA', '\'082242027784', 'naniqiya@gmail.com', 'RUMAH SAKIT ISLAM YOGYAKARTA PDHI', NULL, 4, 2, 1, NULL, NULL),
(241, '3404114-044019', 'NOVIA AYU KHOIRIYAH AMd.RMIK', 'KLATEN', '1995-11-22', 'wanita', 1, 'JL SOLO KM 12,5 KALASAN, SLEMAN, YOGYAKARTA', 'KABUPATEN KLATEN', '\'089672111481', 'noviaayukhoiriyah@gmail.com', 'RSI PDHI YOGYAKARTA', 'Swasta', 4, 2, 1, NULL, NULL),
(242, '3404114-045419', 'NUR WINARSIH A.Md', 'SUKOHARJO', '1982-06-22', 'wanita', 1, 'Jln. Kesehatan  No.1 Sekip Sinduadi Mlati Sleman', 'KABUPATEN SLEMAN', '\'081328152499', 'noorweenarsih@gmail.com', 'RSUP DR. SARDJITO', 'PNS', 4, 2, 1, NULL, NULL),
(243, '3404114-067020', 'NELA AFIRDA PRASTIKA A.Md Kes', 'JEPARA', '1999-05-30', 'wanita', 1, NULL, 'KABUPATEN JEPARA', '\'085729964717', 'nelaafirda123@gmail.com', 'Belum bekerja', NULL, 4, 2, 1, NULL, NULL),
(244, '3404115-023019', 'OKTRINA DIAN PRATIWI A.Md', 'DENPASAR', '1993-09-14', 'wanita', 1, 'RANDUSONGO DONOKERTO TURI SLEMAN', 'KABUPATEN SLEMAN', '\'085725035245', 'okdipra@gmail.com', 'PUSKESMAS TURI', 'PNS', 4, 2, 1, NULL, NULL),
(245, '3404115-042619', 'oo', 'GUNUNGKIDUL', '1992-09-30', 'wanita', 1, 'ooo', 'KOTA YOGYAKARTA', '\'o', 'priyo.siswanto@gmail.com', 'ooo', 'BLU', 4, 2, 1, NULL, NULL);
INSERT INTO `tbl_anggota` (`id`, `no_anggota`, `nama_anggota`, `tempat_lahir`, `tgl_lahir`, `jk`, `id_agama`, `alamat`, `kota_tinggal`, `hp`, `email`, `tempat_kerja`, `status_kepegawaian`, `id_dpc`, `level`, `status`, `tanggal`, `catatan`) VALUES
(246, '3404115-043019', 'OKTAVIA NUR ANGGRAINI A.MD', 'SLEMAN', '1997-10-13', 'wanita', 1, 'KEMUSUH BANYUREJO TEMPEL', 'KABUPATEN SLEMAN', '\'085290002998', 'OKTAVIAANANGGRAINII@GMAIL.COM', 'PUSKESMAS TEMPEL 2', 'BLU', 4, 2, 1, NULL, NULL),
(247, '3404115-062620', 'OKTAVIANI CITRA HARDIYANTI A.Md. Kes', 'SLEMAN', '1997-10-26', 'wanita', 1, 'Jl. Raya Ngemplak, Area Sawah, Widodomartani, Kec. Ngemplak, Kabupaten Sleman, Daerah Istimewa Yogyakarta', 'KOTA YOGYAKARTA', '\'082322534680', 'oktavianicitra5758@gmail.com', 'RSU MITRA PARAMEDIKA', NULL, 4, 2, 1, NULL, NULL),
(248, '3404116-038419', 'PUTRI PERMATA LESTARI A.Md.Kes', 'MANNA', '1996-06-03', 'wanita', 1, 'JL. KLACI 1 MARGOLUWIH SEYEGAN SLEMAN YOGYAKARTA', 'KOTA YOGYAKARTA', '\'', 'Putripermatalestari96@gmail.com', 'RUMAH SAKIT UMUM AT - TUROTS AL ISLAMY', 'Swasta', 4, 2, 1, NULL, NULL),
(249, '3404116-040419', 'PRADITA ARNI SANJAYA A.md RMIK', 'BANTUL', '1993-09-08', 'pria', 1, 'JL WATES KM 5,5 AMBARKETAWANG GAMPING SLEMAN', 'KABUPATEN BANTUL', '\'085729034569', 'pradita30@gmail.com', 'RS PKU MUHAMMADIYAH GAMPING', 'Swasta', 4, 2, 1, NULL, NULL),
(250, '3404116-046319', 'PRECYLLYA YOGA SAPUTRI A.Md.RMIK', 'SURAKARTA', '1993-02-04', 'wanita', 3, 'JL KALIURANG KM 17 PAKEM SLEMAN YOGYAKARTA ', 'KABUPATEN KARANGANYAR', '\'085325702500', 'precyllyayoga93@gmail.com', 'RS PANTI NUGROHO', 'Swasta', 4, 2, 1, NULL, NULL),
(251, '3404116-048620', 'PINTRA FIANA RISANTAMA A. Md.', 'KLATEN', '1993-04-06', 'wanita', 1, 'Jl. Kesehatan No.1, Senolowo, Sinduadi, Mlati, Sleman, Daerah Istimewa Yogyakarta 55281', 'KABUPATEN BANTUL', '\'087738327313', 'pintrafiana@gmail.com', 'RSUP DR. SARDJITO', 'PNS', 4, 2, 1, NULL, NULL),
(252, '3404116-049220', 'PRANITA RATNA UTAMI A.Md', 'SLEMAN', '1991-10-15', 'wanita', 1, 'Jl. JESEHATAN NO 1 SEKIP SINDUADI MLATI SLEMAN', 'KOTA YOGYAKARTA', '\'081237617545', 'pranitaratnautami@gmail.com', 'RSUP DR SARDJITO', 'BLU', 4, 2, 1, NULL, NULL),
(253, '3404116-075520', 'PRAKASITA PUSPITASIWI A.Md.', 'GUNUNGKIDUL', '1997-11-25', 'wanita', 1, 'JALAN WONOSARI KM 8, SRIBIT, SENDANGTIRTO, BERBAH, SLEMAN', 'KABUPATEN GUNUNG KIDUL', '\'085713404759', 'prakasitapuspitasiwi@gmail.com', 'PUSAT KESEHATAN MASYARAKAT BERBAH', 'PNS', 4, 2, 1, NULL, NULL),
(254, '3404117-066820', 'QISTI NUR AZIZAH A.Md', 'BOYOLALI', '1999-06-28', 'wanita', 1, NULL, 'KABUPATEN BOYOLALI', '\'083127465060', 'qistinur99@mail.ugm.ac.id', 'Sleman', NULL, 4, 2, 1, NULL, NULL),
(255, '3404118-000220', 'RENDI ELYAS BINARFI A.Md, RMIK', 'BOYOLALI', '1992-07-04', 'pria', 1, 'Jl. Kesehatan 1, Sekip', 'KABUPATEN BANTUL', '\'081325174001', 'rendyelyas38@gmail.com', 'Rsup Dr Sardjito Yogyakarta', NULL, 4, 2, 1, NULL, NULL),
(256, '3404118-000820', 'RIMA TRILANA SARI A. Md. Kes.', 'KLATEN', '1996-08-06', 'wanita', 1, 'Jl. Solo Km. 12.5 Kalasan Sleman Yogyakarta', 'KABUPATEN KLATEN', '\'', 'rimalana6@gmail.com', 'RSIY PDHI Yogyakarta', NULL, 4, 2, 3, '2021-04-03', NULL),
(257, '3404118-001120', 'RACHELLINA FINDORA A.Md.', 'MALANG', '1993-12-08', 'wanita', 1, 'JL. WATES KM 5,5 GAMPING SLEMAN YOGYAKARTA', 'KABUPATEN SLEMAN', '\'085743329794', 'rachel.linaf12@yahoo.com', 'RS PKU MUHAMMADIYAH GAMPING', NULL, 4, 2, 1, NULL, NULL),
(258, '3404118-002120', 'RATNA WARASTUTI INDRIANI A.Md.RMIK', 'SLEMAN', '1991-05-14', 'wanita', 1, 'JL. RAYA AYA TAJEM - PASAR STAN RT 04 RW 44 MAGUWOHARJO DEPOK SLEMAN', 'KOTA YOGYAKARTA', '\'085725707023', 'ratnawaras@gmail.com', 'RSKIA ARVITA BUNDA', NULL, 4, 2, 1, NULL, NULL),
(259, '3404118-012018', 'RIKA PURWANTARI A.Md', 'BANTUL', '1997-01-31', 'wanita', 1, 'Jl. Denta No. 1, Sekip Utara, Senolowo, Sinduadi, Mlati, Kabupaten Sleman, Daerah Istimewa Yogyakarta 55281', 'KABUPATEN SLEMAN', '\'085842040751', 'purwantarika@gmail.com', 'RUMAH SAKIT GIGI DAN MULUT PROF. DR. SOEDOMO UGM', 'Swasta', 4, 2, 1, NULL, NULL),
(260, '3404118-015618', 'RIFA SULISTIYANI A.Md', 'SLEMAN', '1994-02-28', 'wanita', 1, 'jl. KABUPATEN (LINGKAR UTARA), KRONGGAHAN, TRIHANGGO', 'KABUPATEN SLEMAN', '\'085643450009', 'rifasulistiyani@ymail.com', 'RS AKADEMIK UGM', 'PTT', 4, 2, 1, NULL, NULL),
(261, '3404118-029419', 'RURIANA WULANDARI Amd', 'PONOROGO', '1992-01-01', 'wanita', 1, 'Jl Solo km 13.2 tirtomartani Kalasan sleman', 'KABUPATEN PONOROGO', '\'087746522849', 'rurianaw@gmail.com', 'RS panti rini', 'Swasta', 4, 2, 1, NULL, NULL),
(262, '3404118-032919', 'RINA TRIANTI AMd', 'BANTUL', '1983-03-08', 'wanita', 1, 'PANDEAN 7 SIDOLUHUR GODEAN SLEMAN', 'KABUPATEN SLEMAN', '\'085228996899', 'rinatri81@gmail.com', 'PUSKESMAS GODEAN I', 'PNS', 4, 2, 1, NULL, NULL),
(263, '3404118-036319', 'RAHMA PUSPITA A.Md', 'BANJARNEGARA', '2019-03-31', 'wanita', 1, 'JL. KALIURANG KM 17 PAKEMBINANGUN PAKEM', 'KABUPATEN BANJARNEGARA', '\'081225261900', 'rahmapuspita7@gmail.com', 'RUMAH SAKIT JIWA GRHASIA', 'BLU', 4, 2, 1, NULL, NULL),
(264, '3404118-036519', 'RISMIYATI A.Md', 'GUNUNGKIDUL', '1981-11-12', 'wanita', 1, 'JL. KALIURANG KM. 17 YOGYAKARTA', 'KOTA YOGYAKARTA', '\'087825300359', 'rismidhita@gmail.com', 'RSJ GRHASIA DAERAH ISTIMEWA YOGYAKARTA', 'PNS', 4, 2, 1, NULL, NULL),
(265, '3404118-038819', 'RETNO HASTUTI FARIDA A.Md, SKM', 'BOGOR', '1991-02-14', 'wanita', 1, 'Jalan Kesehatan Sekip Yogyakarta', 'KABUPATEN SLEMAN', '\'085692851189', 'retnohastuti91@gmail.com', 'RSUP DR SARDJITO YOGYAKARTA', NULL, 4, 2, 1, NULL, NULL),
(266, '3404118-040319', 'RI`UF SIAMI NI`MAH A.Md.RMIK', 'REMBANG', '1994-01-17', 'wanita', 1, 'Jl. Manggis No.6, Gempol, Condongcatur, Kec. Depok, Kabupaten Sleman, Daerah Istimewa Yogyakarta 55283', 'KABUPATEN SLEMAN', '\'085702013466', 'riupsiami94@gmail.com', 'RS CONDONG CATUR', 'Swasta', 4, 2, 1, NULL, NULL),
(267, '3404118-040919', 'RETNO PAMUNGKAS A.Md', 'KUDUS', '1990-10-31', 'wanita', 1, 'Komplek Colombo no 50a, Caturtunggal, Depok, sleman', 'KABUPATEN BANTUL', '\'', 'retnokds@yahoo.com', 'Puskesmas Depok 3', NULL, 4, 2, 1, NULL, NULL),
(268, '3404118-041019', 'RISMALA HERTYASWURI A.Md.', 'SLEMAN', '1994-07-19', 'wanita', 1, 'Jl.Kabupaten (Lingkar Utara) Kronggahan Trihanggo Gamping Sleman 55291', 'KOTA YOGYAKARTA', '\'081227993948/082133804702', 'rismala_hertyaswuri@ugm.ac.id', 'RSA UGM ', 'PTT', 4, 2, 1, NULL, NULL),
(269, '3404118-041119', 'RISA PUTRI WIDYASARI A. Md', 'BANTUL', '1988-03-28', 'wanita', 1, 'NOGOSARI,SIDOKARTO,GODEAN', 'KOTA YOGYAKARTA', '\'', 'risahastar@gmail.com', 'PUSKESMAS GODEAN II', 'PNS', 4, 2, 1, NULL, NULL),
(270, '3404118-042119', 'ROCHMAH NUR AMALINA A.Md. RMIK', 'SLEMAN', '1993-02-10', 'wanita', 1, 'klaci 1 margoluwih, seyegan, sleman, yogyakarta', 'KABUPATEN SLEMAN', '\'081327524103', 'amalinarochmah@gmail.com', 'rs atturots al islamy yogyakarta', NULL, 4, 2, 1, NULL, NULL),
(271, '3404118-043619', 'RAFIKASARI A.Md', 'KENDAL', '1984-09-04', 'wanita', 1, 'Jl Magelang km 17.5 Margorejo Tempel Sleman', 'KABUPATEN SLEMAN', '\'08995887710', 'rav_vic@yahoo.com', 'Puskesmas Tempel 1', 'PNS', 4, 2, 1, NULL, NULL),
(272, '3404118-043819', 'ROHMAD HARDANI A.Md', 'MAGELANG', '1996-09-07', 'pria', 1, NULL, 'KABUPATEN MAGELANG', '\'083869491884', 'Rochmadhardani@gmail.com', 'RSA UGM Jl Kabupaten Lingkar Utara Kronggahan Gamping Sleman', NULL, 4, 2, 1, NULL, NULL),
(273, '3404118-046419', 'RATNASARI RIZKY TRISNANINGSIH A.Md.', 'BANTUL', '1993-01-27', 'wanita', 1, 'JL. KESEHATAN NO. 1 SEKIP YOGYAKARTA', 'KABUPATEN BANTUL', '\'085715794455', 'ratnasaritrisna@gmail.com', 'RSUP Dr. SARDJITO YOGYAKARTA', 'PNS', 4, 2, 1, NULL, NULL),
(274, '3404118-051220', 'RAHAYU PURWANTININGSIH A.Md', 'SLEMAN', '1986-01-26', 'wanita', 1, 'Jl. Kesehatan 1, sekip ', 'KOTA YOGYAKARTA', '\'082313142251', 'khairakhaza93@gmail.com', 'RSUP Dr. Sardjito', NULL, 4, 2, 1, NULL, NULL),
(275, '3404118-051620', 'ROFIQ FEBRI NUGROHO Amd. RMIK', 'SLEMAN', '1993-02-27', 'pria', 1, 'Jl. Raya Ngemplak Widodomartani Ngemplak Sleman Yogyakarta', 'KABUPATEN SLEMAN', '\'0895401671002', 'febrinugrohorofiq@gmail.com', 'RSU MITRA PARAMEDIKA', NULL, 4, 2, 1, NULL, NULL),
(276, '3404118-052520', 'RIZKY AMELIA A.Md.Kes', 'PURWOREJO', '1996-04-01', 'wanita', 1, 'Klaci I Margoluwih Seyegan Sleman', 'KABUPATEN SLEMAN', '\'', 'ameliarizky001@gmail.com', 'Rumah Sakit Umum At-Turots Al-Islamy Yogyakarta', NULL, 4, 2, 1, NULL, NULL),
(277, '3404118-053520', 'RINTAN ADITIA A.Md.Kes', 'SLEMAN', '1996-12-06', 'pria', 1, 'Jl. Kapten Hariyadi No.06 Srimulyo 01/05 Triharjo Sleman', 'KABUPATEN SLEMAN', '\'085802685791', 'rintansonk@gmail.com', 'Puskesmas Sleman', NULL, 4, 2, 1, NULL, NULL),
(278, '3404118-054020', 'RACHMAWATI FARIDA HANUM A. Md', 'YOGYAKARTA', '1992-08-09', 'wanita', 1, 'Jl. Kesehatan No. 1, Senolowo, Sinduadi, Kec. Mlati, Kabupaten Sleman, Daerah Istimewa Yogyakarta 55281', 'KOTA YOGYAKARTA', '\'083869525712', 'RachmawatiFaridaHanum@gmail.com', 'RSUP dr. Sardjito Yogyakarta', NULL, 4, 2, 1, NULL, NULL),
(279, '3404118-054520', 'RANI PUSPITASARI A.Md RMIK', 'ENDE', '1994-07-11', 'wanita', 1, 'Jl. Kabupaten, Jl. Ring Road Utara, Kronggahan, Trihanggo, Kec. Gamping', 'KABUPATEN SLEMAN', '\'082326689593', 'ranipuspitasari1174@gmail.com', 'RS AKADEMIK UGM', NULL, 4, 2, 1, NULL, NULL),
(280, '3404118-056420', 'RATNA FATMAWATI A.Md.', 'BANTUL', '1995-03-16', 'wanita', 1, 'JL COLOMBO NO 14 -16 CATURTUNGGAL DEPOK SLEMAN', 'KABUPATEN BANTUL', '\'087839339695', 'ratnafatma853@gmail.com', 'RSKB ANNUR YOGYAKARTA', NULL, 4, 2, 1, NULL, NULL),
(281, '3404118-059620', 'RISKI ANGGRAENI A.md', 'SLEMAN', '1992-07-27', 'wanita', 1, 'Jl. Bhayangkara No.48, Temulawak, Triharjo, Kec. Sleman, Kabupaten Sleman, Daerah Istimewa Yogyakarta 55514', 'KABUPATEN SLEMAN', '\'081567649216', 'kanggraeni008@gmail.com', 'RSUD SLEMAN', NULL, 4, 2, 1, NULL, NULL),
(282, '3404118-059720', 'RIZKY ANINDIA LISTIYORINI A. Md', 'BOJONEGORO', '1996-08-27', 'wanita', 1, 'JL. KAYU PUTIH SEKIP BLOK L3 SINDUADI MLATI', 'KABUPATEN BANTUL', '\'081804291073', 'rizky.anindia.l@ugm.ac.id', 'GADJAH MADA MEDICAL CENTER', NULL, 4, 2, 1, NULL, NULL),
(283, '3404118-060020', 'RIA SETYANINGSIH A.Md.perkes', 'SLEMAN', '1990-08-28', 'wanita', 1, 'JL. WATES KM 5.5 BODEH AMBARKETAWANG GAMPING', 'KABUPATEN SLEMAN', '\'081915429893', 'riasetya0890@gmail.com', 'RS PKU MUHAMMADIYAH GAMPING', NULL, 4, 2, 1, NULL, NULL),
(284, '3404118-061720', 'RIZQIKA ISMI SAFITRI A.Md.Kes.', 'SLEMAN', '1999-01-19', 'wanita', 1, 'Jl. Griya Taman Asri, Saragon, Pandowoharjo, Kec. Sleman, Kabupaten Sleman, Daerah Istimewa Yogyakarta 55512', 'KOTA YOGYAKARTA', '\'089654795940', 'rizqikaismisafitri@gmail.com', 'Klinik Bedah Plastik dan Estetika Zen', 'Swasta', 4, 2, 1, NULL, NULL),
(285, '3404118-068120', 'RANI YULIA SARI A.Md RMIK', 'YOGYAKARTA', '1990-07-20', 'wanita', 1, 'Jl. Kesehatan 1, sekip yogyakarta', 'KOTA YOGYAKARTA', '\'085826646447', 'raniyulia2010@gmail.com', 'RSUP dr. Sardjito', NULL, 4, 2, 1, NULL, NULL),
(286, '3404118-070620', 'RENI PUSPITASARI Amd', 'BANTUL', '1991-07-07', 'wanita', 1, ' Jl. Kesehatan No. 1 Sekip Sinduadi,Yogyakarta,', 'KABUPATEN BANTUL', '\'081325489975', 'reniipuspita07@gmail.com', 'RSUP DR SARDJITO', NULL, 4, 2, 1, NULL, NULL),
(287, '3404118-076920', 'RIZKA YULIANITASARI A.Md.', 'BANTUL', '1991-07-13', 'wanita', 1, 'Jl kesehatan 1 sekip', 'KOTA YOGYAKARTA', '\'087839382712', 'riskayulianitasari@gmail.com', 'RSUP dr Sardjito', NULL, 4, 2, 1, NULL, NULL),
(288, '3404119-002620', 'SRI UTAMI A.Md. RMIK', 'SUKOHARJO', '1990-11-16', 'wanita', 1, 'JL. KESEHATAN 1, SEKIP YOGYAKARTA ', 'KABUPATEN BANTUL', '\'085540666449', 'utamy39@yahoo.com', 'RSUP DR SARDJITO YOGYAKARTA', NULL, 4, 2, 1, NULL, NULL),
(289, '3404119-002920', 'SINTA ARTANTI WIDYA ARIFIN A.Md', 'KEBUMEN', '1992-09-18', 'wanita', 1, 'JL KESEHATAN NO 1 SEKIP SINDUADI MLATI SLEMAN YOGYAKARTA', 'KABUPATEN SLEMAN', '\'085747176736', 'sintaartantiwidyaarifin@gmail.com', 'RSUP DR. SARDJITO', 'PNS', 4, 2, 1, NULL, NULL),
(290, '3404119-003818', 'SUGENG MM', 'GUNUNGKIDUL', '1964-01-03', 'pria', 1, 'Jl. Kesehatan no 1', 'KABUPATEN SLEMAN', '\'081328770164', 'sugeng.icm@gmail.com', 'RSUP Dr. Sardjito', 'PNS', 4, 2, 1, NULL, NULL),
(291, '3404119-013618', 'SARTIKA UTAMI A.Md, SKM', 'DILI', '1990-09-11', 'wanita', 1, 'Jln Kesehatan No 1 Sekip Yogyakarta', 'KOTA YOGYAKARTA', '\'085743231945', 'utami.sar@gmail.com', 'RSUP Dr. Sardjito', 'PNS', 4, 2, 1, NULL, NULL),
(292, '3404119-014118', 'SUHENI IRMASARI A.Md', 'GUNUNGKIDUL', '1986-10-22', 'wanita', 1, 'Jln Kesehatan No 1 Sekip Yogyakarta', 'KOTA YOGYAKARTA', '\'081328822134', 'suheniirmasari86@gmail.com', 'RSUP Dr. Sardjito', 'PNS', 4, 2, 1, NULL, NULL),
(293, '3404119-039719', 'SUPRATIWI A.Md', 'GUNUNGKIDUL', '1992-09-27', 'wanita', 1, 'JL WATES KM 5.5 AMBARKETAWANG GAMPING SLEMAN', 'KABUPATEN GUNUNG KIDUL', '\'082313847702', 'pelualfatih30@gmail.com', 'RS PKU MUHAMMADIYAH GAMPING', 'Swasta', 4, 2, 1, NULL, NULL),
(294, '3404119-041319', 'SAGITA ARDIANTO NUGROHO A.Md', 'KLATEN', '1992-09-10', 'pria', 1, 'jl. ring road utara 160 concat depok sleman yogyakarta', 'KABUPATEN KLATEN', '\'085833818499', 'sagita.ardianto@gmail.com', 'rs ', NULL, 4, 2, 1, NULL, NULL),
(295, '3404119-043119', 'SUKARMI,A.MD A.Md', 'SUKOHARJO', '1983-09-28', 'wanita', 1, 'Jl.Bhayangkara No.48 Triharjo', 'KABUPATEN SLEMAN', '\'081802722486', 'a2ahza@yahoo.co.id', 'RSUD Sleman', 'PNS', 4, 2, 1, NULL, NULL),
(296, '3404119-044519', 'SUJATMIRAH Amd', 'YOGYAKARTA', '1967-02-03', 'wanita', 1, 'JALAN KESEHATAN NO 1 SEKIP YOGYAKARTA', 'KOTA YOGYAKARTA', '\'0817276474', 'ayusetyaningrum2001@gmail.com', 'RSUP DR SARDJITO', 'PNS', 4, 2, 1, NULL, NULL),
(297, '3404119-045019', 'SITI MAFTUKHAH,AMD A.Md', 'SLEMAN', '1985-01-20', 'wanita', 1, 'Cabaan sumberadi mlati', 'KABUPATEN SLEMAN', '\'085726232087', 'uahh85@gmail.com', 'Puskesmas mlati 2', 'PNS', 4, 2, 1, NULL, NULL),
(298, '3404119-045319', 'SITI ZULAECHA DAMARNI A.Md.', 'KEBUMEN', '1985-07-20', 'wanita', 1, 'Jl Kesehatan No 1 Sekip', 'KABUPATEN SLEMAN', '\'081325768036', 'damzulaecha@yahoo.co.id', 'RSUP Dr SARDJITO', 'PNS', 4, 2, 1, NULL, NULL),
(299, '3404119-047620', 'SHINTA INDRIANA PUTRI A.Md RMIK', 'SURAKARTA', '1993-06-14', 'wanita', 1, 'Jl. Prambanan-Piyungan Km 07 Delegan Sumberharjo Prambanan Sleman', 'KABUPATEN SLEMAN', '\'087821048672', 'shinttaindriana14@gmail.com', 'RSUD Prambanan Sleman', 'BLU', 4, 2, 1, NULL, NULL),
(300, '3404119-049120', 'SITI MUKMINATUL KHURO A. Md', 'KULON PROGO', '1992-06-06', 'wanita', 1, 'Jl kesehatan 1 Sekip Yogyakarta', 'KABUPATEN KULON PROGO', '\'085729759301', 'sitimukminatulkhuro@gmail.com', 'RSUP Dr Sardjito', 'PNS', 4, 2, 1, NULL, NULL),
(301, '3404119-052620', 'SELLY ARMEINIA ANANTARI A. Md. RMIK', 'ARSO', '1992-05-01', 'wanita', 1, 'Jl. Kesehatan No. 1 Sekip, Sinduadi', 'KABUPATEN BANTUL', '\'085743147074', 'Sellyarmenia@gmail.com', 'RSUP Dr. Sardjito Yogyakarta', 'BLU', 4, 2, 1, NULL, NULL),
(302, '3404119-052920', 'SUKMA KUSUMA ASTUTI Amd.RMIK', 'KLATEN', '1995-01-04', 'wanita', 1, 'JL. CANDI SAMBISARI NO. 127, JUWANGEN, KALASAN', 'KABUPATEN SLEMAN', '\'089618435786', 'sukmakusuma4@gmail.com', 'PMB R. WIDYAWATI', 'Swasta', 4, 2, 1, NULL, NULL),
(303, '3404119-057020', 'SRI SAYEKTI WIDODO A. Md. Perkes', 'JAKARTA', '1989-01-19', 'wanita', 1, 'Jl. Manggis no.6 gempol condong catur depok sleman yogyakarta', 'KOTA YOGYAKARTA', '\'082224100667', 'keliksayekti@gmail.com', 'Rumah Sakit Condong Catur', NULL, 4, 2, 1, NULL, NULL),
(304, '3404119-058220', 'SEPTY NUR HARYANTI A.Md.RMIK', 'SUKOHARJO', '1991-09-23', 'wanita', 1, 'JL KESEHATAN NO 1 SEKIP YOGYAKARTA', 'KABUPATEN SUKOHARJO', '\'081477120008', 'septysenly@gmail.com', 'RSUP DR SARDJITO YOGYAKARTA', NULL, 4, 2, 1, NULL, NULL),
(305, '3404119-060920', 'SULASTRI A.Md.Kes', 'LUBUK LINGGAU', '1997-08-26', 'wanita', 1, ' Jl. Medari - Cemoro, Ngangkrik, Triharjo, Kec. Sleman, Kabupaten Sleman, Daerah Istimewa Yogyakarta 55514', 'KOTA YOGYAKARTA', '\'085719899536', 'sulastri2634@gmail.com', 'Klinik Widuri', NULL, 4, 2, 1, NULL, NULL),
(306, '3404119-063520', 'SERVASIUS PRASETYO A.Md. Kes', 'TOLAI', '1999-06-17', 'pria', 2, 'Jl. Pandean II No.22C, Candok, Condongcatur, Kec. Depok, Kabupaten Sleman, Daerah Istimewa Yogyakarta', 'KABUPATEN PARIGI MOUTONG', '\'+6282292764498', 'ciabilqisalrosyid3110@gmail.com', 'POLTEKKES PERMATA INDONESIA YOGYAKARTA', NULL, 4, 2, 1, NULL, NULL),
(307, '3404119-067920', 'SUPRIASIH A.Md. Per.Kes.', 'UNGARAN SEMARANG', '1979-04-08', 'wanita', 1, 'JL KESEHATAN NO. 1 SINDUADI MLATI SLEMAN', 'KABUPATEN SLEMAN', '\'08174709165', 'supriasihrm@gmail.com', 'RSUP DR SARDJITO', 'PNS', 4, 2, 1, NULL, NULL),
(308, '3404120-041919', 'TAMARA RUSCITA YULIANTO A.Md', 'GUNUNGKIDUL', '1996-06-14', 'wanita', 1, 'Jl. Raya Piyungan-Prambanan KM.7, Dinginan, Sumberharjo, Prambanan, Sleman', 'KABUPATEN GUNUNG KIDUL', '\'081319240550', 'tmrruscita@gmail.com', 'RSUD Prambanan', 'PNS', 4, 2, 1, NULL, NULL),
(309, '3404120-065720', 'Talitha Rahma Lailani A.Md', 'Sleman', '1999-03-31', 'wanita', 1, '-', 'KABUPATEN SLEMAN', '\'083145202050', 'talitharahma@mail.ugm.ac.id', '-', NULL, 4, 2, 1, NULL, NULL),
(310, '3404122-029619', 'Amd VINCENSIUS PRIGHADI DWI ATMANTO', 'GUNUNGKIDUL', '1985-04-05', 'pria', 2, 'Jl solo km 13,2 kalasan', 'KABUPATEN GUNUNG KIDUL', '\'08565343996', 'Vdodik@yahoo.com', 'Rs panti rini', NULL, 4, 2, 1, NULL, NULL),
(311, '3404122-030319', 'V.PRIHADI DWI ATMANTO Amd', 'GUNUNGKIDUL', '1985-04-05', 'pria', 2, 'Jl solo km 13.2', 'KABUPATEN GUNUNG KIDUL', '\'08565353996', 'vincen.dik@yahoo.com', 'Rs panti rini', NULL, 4, 2, 1, NULL, NULL),
(312, '3404122-037619', 'VIDYA WIDOWATI A.Md., S.KM', 'SLEMAN', '1991-05-16', 'wanita', 1, 'JL Kaliurang km 17 Pakembinangun, Pakem, Sleman', 'KABUPATEN SLEMAN', '\'085200531525', 'vidya.widowati@gmail.com', 'RS Jiwa Grhasia', 'BLU', 4, 2, 1, NULL, NULL),
(313, '3404122-040519', 'VIKA AYUNDA PERMATA SARI A.Md.', 'SLEMAN', '1994-12-14', 'wanita', 1, 'komplek colombo no 50a mrican, caturtunggal, depok, sleman', 'KABUPATEN SLEMAN', '\'085712357878', 'vikaayundapermatasari01@gmail.com', 'Puskesmas Depok III', NULL, 4, 2, 1, NULL, NULL),
(314, '3404122-068520', 'AMd. Kes VETY CAHYATI', 'KLATEN', '1997-01-09', 'wanita', 1, 'JLN NYI TJONDROLOEKITO NO 60 BLUNYAH GEDHE SINDUADI MLATI SLEMAN YOGYAKARTA', 'KOTA SURAKARTA', '\'085743066855', 'vetycahyati1@gmail.com', 'RSU SAKINA IDAMAN', NULL, 4, 2, 1, NULL, NULL),
(315, '3404123-012818', 'WASKITO AJI A.Md.', 'KENDAL', '1985-06-15', 'pria', 1, 'CABAKAN SUMBERADI MLATI SLEMAN', 'KABUPATEN SLEMAN', '\'085325444471', 'aji.phc@gmail.com', 'PUSKESMAS MLATI 2 SLEMAN', 'PNS', 4, 2, 1, NULL, NULL),
(316, '3404123-016018', 'WIWIN IDA NURJAYANTI A.Md.', 'PURWOREJO', '1983-08-12', 'wanita', 1, 'JL BHAYANGKARA 48 MURANGAN TRIHARJO SLEMAN', 'KABUPATEN SLEMAN', '\'081804021928', 'oo.7ruh@gmail.com', 'RSUD SLEMAN', 'PNS', 4, 2, 1, NULL, NULL),
(317, '3404123-016218', 'WIDI KURNIANI AMPK', 'PATI', '1981-11-17', 'wanita', 1, 'Jl. Kapt. Hariyadi No 6 Srimulyo Triharjo Sleman', 'KABUPATEN SLEMAN', '\'085727688876', 'widikurniani@gmail.com', 'Puskesmas Sleman', 'PNS', 4, 2, 1, NULL, NULL),
(318, '3404123-016818', 'WIWIK SETYOWATI A.Md, S.KM, MPH', 'SRAGEN', '1982-10-01', 'wanita', 1, 'Jl. Roro Jonggrang No 6 Beran Tridadi Sleman ', 'KABUPATEN SLEMAN', '\'085728174647', 'wiwiksetyowati@gmail.com', 'Dinas Kesehatan Kabupaten Sleman', 'PNS', 4, 2, 1, NULL, NULL),
(319, '3404123-039119', 'WIDIYA OKTAMIYANI A. Md', 'KLATEN', '1996-10-20', 'wanita', 1, 'Jl. Denta No. 1, Sekip Utara, Sendowo, Sinduadi, Mlati', 'KABUPATEN SLEMAN', '\'082244347883', 'widiya_octa@yahoo.com', 'RSGM UGM Prof. Soedomo', 'Swasta', 4, 2, 1, NULL, NULL),
(320, '3404123-047820', 'WENING GESTARI PUTRI A.Md', 'BANTUL', '1993-04-23', 'wanita', 1, 'JALAN KESEHATAN NO. 1 SINDUADI MLATI SLEMAN YOGYAKARTA 55281', 'KABUPATEN BANTUL', '\'085643235655', 'weninggestari@yahoo.co.id', 'RSUP Dr. SARDJITO YOGYAKARTA', 'PNS', 4, 2, 1, NULL, NULL),
(321, '3404123-052420', 'WIWIK SETYOWATI A.MD, S.KM, MPH', 'SRAGEN', '1982-10-01', 'wanita', 1, 'JL. RORO JONGGRANG NO 6 BERAN TRIDADI SLEMAN', 'KABUPATEN SLEMAN', '\'085728174647', 'wiwikkesdas@gmail.com', 'DINAS KESEHATAN KABUPATE SLEMAN', 'PNS', 4, 2, 1, NULL, NULL),
(322, '3404125-002020', 'YUMARWANTO A.Md', 'SLEMAN', '1966-12-14', 'pria', 1, 'Jl. Bhayangkara No.48, Temulawak, Triharjo, Sleman', 'KABUPATEN SLEMAN', '\'087838565161', 'Yumarwanto1412@gmail.com', 'RSUD Sleman', 'PNS', 4, 2, 1, NULL, NULL),
(323, '3404125-015718', 'YULIANA DEWI RUSHITA SARI A.Md.RMIK', 'SLEMAN', '1993-07-18', 'wanita', 1, 'Jl. Raya Ngemplak, Kemasan, Widodomartani, Ngemplak, Sleman, Yogyakarta', 'KABUPATEN SLEMAN', '\'081254159532', 'yulianadewi63@gmail.com', 'RSU MITRA PARAMEDIKA', 'Swasta', 4, 2, 1, NULL, NULL),
(324, '3404125-035119', 'YENI ROVIYANI A.Md.RMIK', 'KLATEN', '1993-01-16', 'wanita', 1, 'Jl. Manggis No.6, Gempol, Condongcatur, Kec. Depok, Kabupaten Sleman, Daerah Istimewa Yogyakarta 55581', 'KABUPATEN SLEMAN', '\'081246561216', 'yeni.rovia@gmail.com', 'Rumah Sakit Condong Catur', 'Swasta', 4, 2, 1, NULL, NULL),
(325, '3404125-037219', 'YENNY RACHMAWATI amd mik dan rm', 'BEKASI', '1983-11-03', 'wanita', 1, 'jl selokan mataram ringinsari maguwoharjo depok sleman DI yogyakarta', 'KABUPATEN SLEMAN', '\'081296551826', 'rachmawati_yenny@yahoo.com', 'rs hermina yogya', NULL, 4, 2, 1, NULL, NULL),
(326, '3404125-048820', 'YULIA PRAMITASARI A.Md', 'PALEMBANG', '1986-07-02', 'wanita', 1, 'Jl selokan mataram ringin sari rt 06 rw 50', 'KABUPATEN SLEMAN', '\'081279954950', 'mitalee974@gmail.com', 'Rs hermina yogya', 'Swasta', 4, 2, 1, NULL, NULL),
(327, '3404125-055020', 'YUSHINTA A. Md', 'SLEMAN', '1991-02-13', 'wanita', 1, 'Jln kesehatan no 1 sekip sinduadi mlati Sleman yogyakarta', 'KABUPATEN SLEMAN', '\'085740218968', 'shintaputribangsa@gmail.com', 'Rsup dr sardjito', NULL, 4, 2, 1, NULL, NULL),
(328, '3404125-063420', 'YAFEKE APRESIA KARISMA A.Md.Kes', 'BOJONEGORO', '1998-01-24', 'wanita', 1, 'JL.RINGROAD UTARA NO. 22C GANDOK CONDONGCATUR DEPOK SLEMAN', 'KABUPATEN BOJONEGORO', '\'085804818427', 'yafekeapresia@gmail.com', 'POLITEKNIK KESEHATAN PERMATA INDONESIA YOGYAKARTA', NULL, 4, 2, 1, NULL, NULL),
(329, '3404125-069520', 'YULINDA FATMAWATI A.Md', 'BOJONEGORO', '1999-07-18', 'wanita', 1, 'Jl. Raya Dungus, Ngebrak, Wungu, Madiun, 63181', 'KABUPATEN BOJONEGORO', '\'081336477118', 'yulindafatmawati0@gmail.com', 'RSL Joglo Dungus', NULL, 4, 2, 1, NULL, NULL),
(330, '3404125-069720', 'YALID FATTAH NURBUWANA A.Md.', 'KLATEN', '1996-06-18', 'pria', 1, 'Delegan, Jl. Raya Piyungan - Prambanan No.KM. 7, Dinginan, Sumberharjo, Kec. Prambanan, Kabupaten Sleman, Daerah Istimewa Yogyakarta', 'KABUPATEN SLEMAN', '\'081249627511', 'yalidfattah182@gmail.com', 'RSUD Prambanan', 'PNS', 4, 2, 1, NULL, NULL),
(331, '3404126-032319', 'ZAHRA SAWITRI PUTRI A.Md. Kes.', 'SLEMAN', '1997-01-27', 'wanita', 1, 'JL.BAYANGKARA NO.48,TRIHARJO, KEC.SLEMAN', 'KOTA YOGYAKARTA', '\'085867901209', 'zahrasawitri27@gmail.com', 'RSUD SLEMAN', NULL, 4, 2, 1, NULL, NULL),
(332, '34041608241', 'RETNO DWI KURNIAWATI Amd. RMIK', 'TULUNG PASIK', '1996-03-18', 'wanita', 1, 'Jl. Nyi condro Loekito No. 60 Sleman', 'KABUPATEN SLEMAN', '\'+6281312609710', 'kurniaw283@gmail.com', 'RSU SAKINA IDAMAN', 'Swasta', 4, 2, 1, NULL, NULL),
(333, '3471101-027519', 'ALBERTUS MULYONO AMd', 'YOGYAKARTA', '1970-02-24', 'pria', 2, 'Jl Cikini di Tiro 30', 'KOTA YOGYAKARTA', '\'082134647065', 'Mulyonoalbert1@com.org', 'RS Panti Rapih', NULL, 1, 2, 1, NULL, NULL),
(334, '3307108-334520', 'HERLINA FATMAWATI A.Md.Kes.', 'WONOSOBO', '1998-12-07', 'wanita', 1, 'JL.Ringroad Utara No.22C Gandok Condongcatur Depok Sleman', 'KABUPATEN WONOSOBO', '\'082322675511', 'herlinaf37@gmail.com', 'Politeknik Kesehatan Permata Indonesia', NULL, 1, 2, 1, NULL, NULL),
(335, '3471-006920', 'THERESIA VONNY AMANDA SAFITRI A.Md RMIK', 'SURAKARTA', '1993-04-09', 'wanita', 2, 'JL. HIBRIDA NO. 194 MUJA MUJU, UMBULHARJO, YOGYAKARTA.', 'KOTA YOGYAKARTA', '\'0895332738806', 'theresiav95@gmail.com', 'PUSKESMAS UMBULHARJO II', 'PNS', 1, 2, 1, NULL, NULL),
(336, '3471-024319', 'ARILY DE RANI A.Md', 'SLEMAN', '1985-12-31', 'wanita', 2, 'JL.KOLONEL SUGIYONO NO.98 BRONTOKUSUMAN MERGANGSAN', 'KOTA YOGYAKARTA', '\'082323827881', 'arily.derani@yahoo.com', 'UPT RS PRATAMA YOGYAKARTA', 'PNS', 1, 2, 1, NULL, NULL),
(337, '3471-058420', 'RISTA DWI WULANDARI A.Md, RMIK', 'BANTUL', '1994-04-23', 'wanita', 1, 'JL CIK DI TIRO YOGYAKARTA', 'KABUPATEN BANTUL', '\'089531540910', 'ristawulandari53@gmail.com', 'RUMAH SAKIT MATA DR YAP YOGYAKARTA', 'Swasta', 1, 2, 1, NULL, NULL),
(338, '34710200922', 'FRISKA MIFTACHUL JANAH A.Md, S.KM', 'YOGYAKARTA', '1991-11-11', 'wanita', 1, 'JALAN KOLONEL SUGIYONO NOMOR 98 BRONTOKUSUMAN MERGANGSAN', 'KOTA YOGYAKARTA', '\'083867304985', 'friskamiftachuljanah@gmail.com', 'RUMAH SAKIT PRATAMA KOTA YOGYAKARTA', 'TNI', 1, 2, 1, NULL, NULL),
(339, '3471101-003020', 'ARMYDA UTAMININGRUM A.Md.RMIK', 'KARANGANYAR', '1994-01-19', 'wanita', 1, 'Jl.KH WACHID HASYIM NO 47 NOTOPRAJAN NGAMPILAN YOGYAKARTA', 'KABUPATEN SLEMAN', '\'085921349614', 'armyda.meymey19@gmail.com', 'RSKIA RACHMI YOGYAKARTA', 'Swasta', 1, 2, 1, NULL, NULL),
(340, '3471101-010918', 'ALDIANTO DWI JANARKO A.Md.RMIK', 'KLATEN', '1992-03-21', 'pria', 1, 'Jln HOS Cokroaminoto no 17 Wirobrajan Yogyakarta', 'KABUPATEN KLATEN', '\'085647859600', 'aaldi93@yahoo.co.id', 'Klinik Asri Medical Center Yogyakarta', 'Swasta', 1, 2, 1, NULL, NULL),
(341, '3471101-014218', 'ANITA WIJAYANTI A.Md', 'PURWOREJO', '1987-09-29', 'wanita', 3, 'JL PROF DR SARDJITO NO 22 YOGYAKARTA', 'KOTA YOGYAKARTA', '\'081329623239', 'nitanitu2909@gmail.com', 'UPT PUSKESMAS GONDOKUSUMAN II', 'PNS', 1, 2, 1, NULL, NULL),
(342, '3471101-016618', 'AGUNG DWI SAPUTRO A.Md.,SKM', 'YOGYAKARTA', '1973-11-16', 'pria', 3, 'Jl. Jendral Sudirman No. 70 ', 'KABUPATEN SLEMAN', '\'08122747226', 's.agungdwi@yahoo.com', 'Bidang RMIK RS Bethesda Yogyakarta', 'Swasta', 1, 2, 1, NULL, NULL),
(343, '3471101-019819', 'ANNISA RATNASARI A.Md', 'SLEMAN', '1991-10-07', 'wanita', 1, 'Jl. Kolonel Sugiyono No.98, Brontokusuman, Mergangsan, Kota Yogyakarta, Daerah Istimewa Yogyakarta 55153', 'KOTA YOGYAKARTA', '\'085743851700', 'antz.ratnasari@gmail.com', 'RS PRATAMA', 'Swasta', 1, 2, 1, NULL, NULL),
(344, '3471101-019919', 'ADI SUMARTONO A.Md', 'PACITAN', '1987-03-17', 'pria', 1, 'JL. K.H. AHMAD DAHLAN NO.20 YOGYAKARTA', 'KABUPATEN BANTUL', '\'085649830378', 'adi.sum87@gmail.com', 'RS PKU MUHAMMADIYAH YOGYAKARTA', 'Swasta', 1, 2, 1, NULL, NULL),
(345, '3471101-021019', 'ADI PRADANA AMD', 'MERAUKE', '1986-09-05', 'pria', 1, 'JL. WIROSABAN NO. 1', 'KABUPATEN SLEMAN', '\'085866188349', 'adi.05mania@gmail.com', 'RSUD KOTA YOGYAKARTA', 'PNS', 1, 2, 1, NULL, NULL),
(346, '3471101-021619', 'AGUNG SURYANTO BUDIRAHARJO A.Md', 'SLEMAN', '1985-10-12', 'pria', 1, 'JL. MUSIKANAN KT 2/457 YK', 'KABUPATEN SLEMAN', '\'085798325242', 'agungkraton@gmail.com', 'PUSKESMAS KRATON', 'PNS', 1, 2, 1, NULL, NULL),
(347, '3471101-022019', 'ASWIN WAHYUNINTYAS A.Md', 'YOGYAKRTA', '1987-01-09', 'wanita', 1, 'JL TIMOHO NO 53 YOGYAKARTA', 'KOTA YOGYAKARTA', '\'085642604987', 'aswinhlmc@gmail.com', 'RS HAPPY LAND MEDICAL CENTRE', NULL, 1, 2, 1, NULL, NULL),
(348, '3471101-023919', 'ADEIK HARY RUSDIANTORO A.Md', 'SRAGEN', '1993-11-14', 'pria', 1, 'JL WIROSABAN NO 1 YOGYAKARTA', 'KABUPATEN KULON PROGO', '\'085868555529', 'rusdiantoro14@gmail.com', 'RSUD KOTA YOGYAKARTA', NULL, 1, 2, 1, NULL, NULL),
(350, '3471101-024019', 'ANISAH MUNA AZIZAH A.MD.RMIK', 'MAGELANG', '1996-05-30', 'wanita', 1, 'JL KH AHMAD DAHLAN NO 20 YOGYAKARTA', 'KABUPATEN MAGELANG', '\'087727550773', 'anisahmuna3005@gmail.com', 'RS PKU MUHAMMADIYAH YOGYAKARTA', 'Swasta', 1, 2, 1, NULL, NULL),
(351, '3471101-026319', 'ARIF WAHYU WICAKSONO A.Md.PK', 'SURABAYA', '1981-08-05', 'pria', 1, 'Jl. Wirosaban no.1', 'KOTA SURABAYA', '\'085850626567', 'arifwahyuw17@gmail.com', 'RSUD Kota Yogyakarta', 'PNS', 1, 2, 1, NULL, NULL),
(352, '3471101-026819', 'ANASTASIA ARNIN PERMATA SIWI A.Md', 'MAGELANG', '1991-09-26', 'wanita', 2, 'JL CIK DI TIRO NO.30 YOGYAKARTA', 'KABUPATEN MAGELANG', '\'087838629525', 'arninpermata72@yahoo.com', 'RS PANTI RAPIH', NULL, 1, 2, 1, NULL, NULL),
(353, '3471101-026919', 'AMALIA RIDZKY LUKITASARI A.Md', 'SUKOHARJO', '1996-10-12', 'wanita', 1, 'JALAN IPDA TUT HARSONO NO 53, MUJA MUJU', 'KABUPATEN SRAGEN', '\'085799351390', 'amaliaridzky96@gmail.com', 'RS HAPPY LAND YOGYAKARTA', 'Swasta', 1, 2, 1, NULL, NULL),
(354, '3471101-027219', 'ARIKA ERMAWATI A. Md', 'BANTUL', '1995-01-25', 'wanita', 2, 'Jl. Jendral Sudirman 70', 'KABUPATEN BANTUL', '\'0895359045479', 'arika.ermawati95@gmail.com', 'RS BETHESDA YOGYAKARTA', NULL, 1, 2, 1, NULL, NULL),
(355, '3471101-027319', 'ASWINDA OKTAVIANTI A.Md', 'SURAKARTA', '1985-10-18', 'wanita', 1, 'JL KEMASAN NO 43 KOTAGEDE YOGYAKARTA', 'KOTA YOGYAKARTA', '\'081328226925', '15bukanwindaini@gmail.com', 'RSKIA PKU MUHAMMADIYAH KOTAGEDE', NULL, 1, 2, 1, NULL, NULL),
(356, '3471101-027719', 'ANDREAS YOSI FERDIANA AMd.RMIK', 'SLEMAN', '1992-03-07', 'pria', 2, 'Jl Juadi No 19 Kotabaru Gondokusuman Kota Yogyakarta', 'KOTA YOGYAKARTA', '\'087757337555', 'andreasyosi95@gmail.com', 'RS TK III 04 06 03 Dr Soetarto', 'Swasta', 1, 2, 1, NULL, NULL),
(357, '3471101-028019', 'ARIFAH NURHAYATI A.Md.', 'SLEMAN', '1992-10-24', 'wanita', 1, 'JLN. KHA. DAHLAN NO.20', 'KABUPATEN SLEMAN', '\'081283063330', 'arifah.nurhay@gmail.com', 'RS PKU MUHAMMADIYAH YOGYAKARTA', 'Swasta', 1, 2, 1, NULL, NULL),
(358, '3471101-028119', 'ARWAN A.MD', 'BANTUL', '1969-08-10', 'pria', 1, 'JL KH ACHMAD DAHLAN NO 20', 'KABUPATEN BANTUL', '\'081328004928', 'arwanmuhari3@gmail.com', 'RS PKU MUHAMMADIYAH YOGYAKARTA', NULL, 1, 2, 1, NULL, NULL),
(359, '3471101-028919', 'ANUGRAH RYAN PRADITYA A.Md. RMIK', 'BANTUL', '1991-07-30', 'pria', 1, 'Jalan HOS Cokroaminoto No 17 Yogyakarta', 'KABUPATEN BANTUL', '\'085643777117', 'anugrah_ryan69@rocketmail.com', 'Kilinik Utama Asri Medical Center', 'Swasta', 1, 2, 1, NULL, NULL),
(360, '3471101-029519', 'ANASTASIA ARNIN PERMATA SIWI A.Md', 'MAGELANG', '1991-09-26', 'wanita', 2, 'JL CIK DI TIRO NO.30 ', 'KABUPATEN MAGELANG', '\'087838629525', 'arninpermata72@gmail.com', 'RS PANTI RAPIH', NULL, 1, 2, 1, NULL, NULL),
(361, '3471101-029919', 'ADE IRMA RAHMAWATI A.Md', 'NGAWI', '1995-02-20', 'wanita', 1, 'JL. KOL SUGIYONO NO 98, YOGYAKARTA', 'KABUPATEN NGAWI', '\'081946317356', 'adeirmar14@gmail.com', 'UPT RS PRATAMA', 'PTT', 1, 2, 1, NULL, NULL),
(362, '3471101-030619', 'AGNES BERTY DWI ANGGORO A.Md.', 'KULON PROGO', '1994-05-24', 'wanita', 1, 'Pereng, Bumirejo, Lendah, Kulon Progo', 'KABUPATEN KULON PROGO', '\'081226939060', 'Agneesberty@gmail.com', 'UPTD Puskesmas Lendah I ', 'PNS', 1, 2, 1, NULL, NULL),
(363, '3471101-031219', 'ANNISA NUR AFNI A.Md', 'SURAKARTA', '1995-06-29', 'wanita', 1, 'JL.WIROSABAN NO 1 SOROSUTAN UMBULHARJO YOGYAKARTA', 'KOTA SURAKARTA', '\'085762780109', 'nisa.afni@gmail.com', 'RSUD KOTA YOGYAKARTA', 'BLU', 1, 2, 1, NULL, NULL),
(364, '3471101-032519', 'AYU WULANDARI A.Md', 'BANTUL', '1997-01-03', 'wanita', 1, 'JALAN WIRATAMA NO. 4 TEGALREJO YOGYAKARTA 55244', 'KABUPATEN BANTUL', '\'-', 'wulandari5555ayu@gmail.com', 'RUMAH SAKIT LUDIRA HUSADA TAMA', NULL, 1, 2, 1, NULL, NULL),
(365, '3471101-033019', 'ANNA MUSHLIMAH WATI AMALIYAH A.Md RMIK', 'SLEMAN', '1993-12-17', 'wanita', 1, 'JL. JUWADI NO.19 KOTABARU YOGYAKARTA ', 'KOTA YOGYAKARTA', '\'083869677397', 'anna.amaliyah17@gmail.com', 'RS TK III 04.06.03 DR SOETARTO ', NULL, 1, 2, 1, NULL, NULL),
(366, '3471101-034219', 'ARIF HERU PRASETYO AMd Per Kes', 'PEMALANG', '1989-03-17', 'pria', 1, 'JL. KHA DAHLAN NO 20 YOGYAKARTA', 'KABUPATEN GUNUNG KIDUL', '\'0818276764', 'tyoarif01@gmail.com', 'RS PKU MUHAMMADIYAH YOGYAKARTA', NULL, 1, 2, 1, NULL, NULL),
(367, '3471101-034319', 'AJENG RITMA RATRI PRIBUMI A.Md. Kes.', 'BOYOLALI', '1996-03-19', 'wanita', 1, 'JL DI PANJAITAN NO 25 MANTRIJERON KOTA YOGYAKARTA', 'KABUPATEN BOYOLALI', '\'081391202223', 'ajengrrp19@gmail.com', 'KLINIK GADING KOTA YOGYKARTA', NULL, 1, 2, 1, NULL, NULL),
(368, '3471101-034719', 'AJENG RITMA RATRI PRIBUMI A.Md. Kes.', 'BOYOLALI', '1996-03-19', 'wanita', 1, 'JL DI PANJAITAN NO 25 MANTRIJERON KOTA YOGYAKARTA', 'KABUPATEN BOYOLALI', '\'081391202223', 'ajengrrp19@gmail.com', 'KLINIK GADING KOTA YOGYAKARTA', NULL, 1, 2, 1, NULL, NULL),
(369, '3471101-037419', 'ANGGER ARVIANI A.Md.RMIK', 'BANTUL', '1992-11-27', 'wanita', 1, 'JL DI PANJAITAN NO 25', 'KABUPATEN BANTUL', '\'089675402888', 'arviania@gmail.com', 'KLINIK GADING', 'Swasta', 1, 2, 1, NULL, NULL),
(370, '3471101-037519', 'ANDY NOOR RACHMAN A.Md', 'PROBOLINGGO', '1991-05-23', 'pria', 1, 'JL. RAYA TONGAS NO.229', 'KABUPATEN PROBOLINGGO', '\'082314835569', 'armanmay15@gmail.com', 'RSUD TONGAS', 'PTT', 1, 2, 1, NULL, NULL),
(371, '3471101-045919', 'ANDI SARIPUDIN A.Md.Kes.', 'BREBES', '1996-10-17', 'pria', 1, 'Jl.Citaduy Raya Blok L-11 No.1 Cikarang Utara - Bekasi', 'KABUPATEN BEKASI', '\'085693443441', 'andisarifudin17@gmail.com', 'RS. ASRI MEDIKA', 'Swasta', 1, 2, 1, NULL, NULL),
(372, '3471101-048420', 'ANDI SARIPUDIN A. Md. Kes.', 'BREBES', '1996-10-17', 'pria', 1, 'Jl.citanduy', 'KABUPATEN BEKASI', '\'085693443441', 'Andisarifudin17@gmail.com', 'Rs. Asri medika', NULL, 1, 2, 1, NULL, NULL),
(373, '3471101-049820', 'ARDAN ARDIAN EKO SAPUTRO A.Md', 'BOYOLALI', '1993-10-20', 'pria', 1, 'JL. Munir Serangan Blok.NG.II No.215, Notoprajan, Ngampilan, Kota Yogyakarta, Daerah Istimewa Yogyakarta', 'KABUPATEN KULON PROGO', '\'083104588798', 'ardanz.ardianz@gmail.com', 'Puskesmas Ngampilan Yogyakarta', 'PNS', 1, 2, 1, NULL, NULL),
(374, '3471101-051820', 'AGUS MUSTAFA AMd. RMIK', 'YOGYAKARTA', '1990-11-28', 'pria', 1, 'Jl. Wirosaban no 1 Yogyakarta ', 'KOTA YOGYAKARTA', '\'087839944532 ', 'agusmustafa06@gmail.com', 'RSUD KOTA YOGYAKARTA ', NULL, 1, 2, 1, NULL, NULL),
(375, '3471101-064920', 'AGUSTINA KURNIAWATI A.Md.Kes.', 'PURBALINGGA', '1999-08-10', 'wanita', 1, NULL, 'KABUPATEN PURBALINGGA', '\'085155491882', 'kurniawatiagustina10@gmail.com', 'Belum bekerja', NULL, 1, 2, 1, NULL, NULL),
(376, '3471101-066920', 'ASRI HANDAYANI A.Md.RMIK', 'KARYA PELITA', '1995-02-21', 'wanita', 1, '-', 'KOTA YOGYAKARTA', '\'081225570122', 'asryhandayani56@gmail.com', 'TIDAK BEKERJA ', 'Swasta', 1, 2, 1, NULL, NULL),
(377, '3471101-072020', 'AMY KURWANZARI A.Md', 'SUKOHARJO', '1991-01-17', 'wanita', 1, 'Jl cik di tiro no 30 yogyakarta', 'KABUPATEN KLATEN', '\'089608581119', 'amykurwanzari@gmail.com', 'RS PANTI RAPIH', NULL, 1, 2, 1, NULL, NULL),
(378, '3471101-072220', 'AKTIVA FEMBRIATMI A. Md.', 'BANTUL', '1997-02-14', 'wanita', 1, 'JL. DI. PANJAITAN NO.82 SURYODININGRATAN MANTRIJERON KOTA YOGYAKARTA', 'KABUPATEN BANTUL', '\'087739680380', 'aktivafembriatmi@gmail.com', 'UPT PUSKESMAS MANTRIJERON DINAS KESEHATAN KOTA YOGYAKARTA', 'PNS', 1, 2, 1, NULL, NULL),
(379, '3471101-073720', 'ANGGRE FATONAH RISA GIMBAL A. Md. RMIK', 'KULON PROGO', '1992-07-08', 'wanita', 1, 'Jl. Wirosaban no 1 Sorosutan Umbulharjo Yogyakarta', 'KABUPATEN BANTUL', '\'085156074335', 'anggrerisa@gmail.com', 'RSUD KOTA YOGYAKARTA', NULL, 1, 2, 1, NULL, NULL),
(380, '3471102-032119', 'BARTOLOMEUSA NORA DEVISIA SITANGGANG A.Md', 'SLEMAN', '1994-05-24', 'wanita', 2, 'Jalan Jenderal Sudirman 70', 'KABUPATEN SLEMAN', '\'087775542238', 'norad.sitanggang@gmail.com', 'RS Bethesda Yogyakarta', 'Swasta', 1, 2, 1, NULL, NULL),
(381, '3471102-063320', 'BENITA AVERINA SITOMPUL A.md.Kes', 'YOGYAKARTA', '1999-01-17', 'wanita', 3, 'Ringroad utara    Jl. Pandean II No.22C, Gandok, Condongcatur, Depok, Sleman', 'KABUPATEN SLEMAN', '\'085941301287', 'Averinabenita17@gmail.com', 'Poltekkes Permata Indonesia ', NULL, 1, 2, 1, NULL, NULL),
(382, '3471102-070820', 'BERLIA ANDARINI A. Md', 'KULON PROGO', '1987-10-27', 'wanita', 1, 'Jl Cik Ditiro No 5 Yogyakarta', 'KOTA YOGYAKARTA', '\'089690598593', '4ndarinilia@gmail.com', 'RS Mata Dr Yap ', NULL, 1, 2, 1, NULL, NULL),
(383, '3471102-073520', 'BERTHA RAHMAWATY A. Md.', 'KULON PROGO', '1996-08-31', 'wanita', 1, 'Jl Musikanan KT II No 457 Panembahan Kecamatan Kraton Kota Yogyakarta 55131', 'KABUPATEN KULON PROGO', '\'087700030084', 'bertha31bhe@gmail.com', 'UPT Puskesmas Kraton Kota Yogyakarta', 'PNS', 1, 2, 1, NULL, NULL),
(384, '3471103-021919', 'CHRISTIANA RENITA MEILINDA A.Md', 'MAGELANG', '1993-05-28', 'wanita', 2, 'JL CIK DI TIRO 30 YOGYAKARTA', 'KOTA YOGYAKARTA', '\'082243277728', 'inerta.meilinda@gmail.com', 'RS PANTI RAPIH', 'Swasta', 1, 2, 1, NULL, NULL),
(385, '3471103-028519', 'CRISTIAN BUDI PRASETYO A. Md', 'YOGYAKARTA ', '2019-02-10', 'pria', 3, 'Jl jend sudirman no 70', 'KABUPATEN SLEMAN', '\'085729164120', 'cristiancbgelatik@gmail.com', 'RS Bethesda Yogyakarta ', 'Swasta', 1, 2, 1, NULL, NULL),
(386, '3471103-031419', 'CIPTANI PERMATA SARI AMd', 'SURAKARTA', '1987-10-22', 'wanita', 1, 'JL. WIROSABAN NO.1 YOGYAKARTA', 'KABUPATEN KLATEN', '\'08112515889', 'ciptani87@gmail.com', 'RSUD KOTA YOGYAKARTA', 'PNS', 1, 2, 1, NULL, NULL),
(387, '3471103-032219', 'CHRIS SANTA DIANDRA STELLADIS A.Md.', 'GUNUNGKIDUL', '1993-05-23', 'wanita', 2, 'JL CIK DITIRO 30 YOGYAKARTA', 'KABUPATEN GUNUNG KIDUL', '\'085290917929', 'cdiandra59@gmail.com', 'RS PANTI RAPIH YOGYAKARTA', 'Swasta', 1, 2, 1, NULL, NULL),
(388, '3471103-032719', 'CHRISTINA YULIANTI A.Md', 'KULON PROGO', '1988-03-26', 'wanita', 2, 'JL WIROSABAN NO 1 YOGYAKARTA', 'KABUPATEN BANTUL', '\'085643342824', 'christinayulianti0609@gmail.com', 'RSUD KOTA YOGYAKARTA', 'PNS', 1, 2, 1, NULL, NULL),
(389, '3471104-003120', 'DIKA BAYU SETIANTO A.Md.', 'WONOSOBO', '1989-10-19', 'pria', 1, 'Jl. Hibrida 194, Miliran Muja Muju Yogyakarta KodePos : 55165 ', 'KOTA YOGYAKARTA', '\'081568424767', 'dikabayu.setianto@gmail.com', 'Puskesmas Umbulharjo 2', 'PNS', 1, 2, 1, NULL, NULL),
(390, '3471104-010718', 'DWI UNTARI NARIMAH AMBARWATI Amd. RMIK', 'SLEMAN', '1992-02-05', 'wanita', 1, 'jl sudiro w no 57 banjar', 'KOTA BANJAR', '\'085320593135', 'dwiuntari100@gmail.com', 'RS MITRA IDAMAN', 'Swasta', 1, 2, 1, NULL, NULL),
(391, '3471104-020519', 'DARSONO AMd.PerKes, S.ST', 'KEBUMEN', '1972-07-30', 'pria', 3, 'Jl. Jendral Sudirman No 70 Yogyakarta', 'KABUPATEN SLEMAN', '\'08122743373', 'darsono1rsb@gmail.com', 'Bidang RMIK RS Bethesda Yogyakarta', 'Swasta', 1, 2, 1, NULL, NULL),
(392, '3471104-020919', 'DESY NUR PRATIWI A.Md.', 'PROBOLINGGO', '1984-12-18', 'wanita', 1, 'JL TAMAN SISWA GG. BRAJA PERMANA MG II/1168 RT 68 RW 22 WIROGUNAN MERGANGSAN KOTA YOGYAKARTA ', 'KOTA YOGYAKARTA', '\'', 'de_enpe@yahoo.co.id', 'PUSKESMAS MERGANGSAN', 'PNS', 1, 2, 1, NULL, NULL),
(393, '3471104-025419', 'DANIK LESTARI A.Md', 'Gunung kidul', '1993-04-15', 'wanita', 1, 'Jl. Wirosaban No 1 Yogyakarta', 'KABUPATEN BANTUL', '\'085772437707', 'daniklestari2001@gmail.com', 'RSUD Kota Yogyakarta', 'BLU', 1, 2, 1, NULL, NULL),
(394, '3471104-029219', 'DELVI AYURACHMA SUDIRO A.Md.RMIK', 'BANTUL', '1992-04-25', 'wanita', 1, 'JL.HOS.COKROAMINOTO NO.17 WIROBRAJAN YOGYAKARTA', 'KOTA YOGYAKARTA', '\'087843140780', 'delviayurachma@gmail.com', 'ASRI MEDICAL CENTER', 'Swasta', 1, 2, 1, NULL, NULL),
(395, '3471104-030019', 'DEVI RAHAYU A.md RMIK', 'MAGELANG', '1996-02-04', 'wanita', 1, 'JLN K.H AHMAD DAHLAN NO 20', 'KABUPATEN MAGELANG', '\'', 'defirahayu78@gmail.com', 'RS PKU MUHAMMADIYAH YOGYAKARTA', 'Swasta', 1, 2, 1, NULL, NULL),
(396, '3471104-030919', 'DEMANITA WAHYU KRISDIANINGRUM ,A.Md.RMIK', 'GUNUNGKIDUL', '1995-12-08', 'wanita', 2, 'Jl Masjid No 3 Pakualaman ', 'KABUPATEN GUNUNG KIDUL', '\'087838313470', 'demanita97@gmail.com', 'Klinik Pratama Intan', 'Swasta', 1, 2, 1, NULL, NULL),
(397, '3471104-031319', 'DIAN HESTI NUR UTAMI A.Md', 'BOYOLALI', '1991-10-03', 'wanita', 1, 'Jl. Cik Di Tiro No.5, Terban', 'KABUPATEN BOYOLALI', '\'085726646994', 'dianhesti.n@gmail.com', 'RUMAH SAKIT MATA &quot;Dr.YAP&quot; YOGYAKARTA', 'Swasta', 1, 2, 1, NULL, NULL),
(398, '3471104-032419', 'DEYA SILVIA DEWI', 'SANGGAU', '1996-03-24', 'wanita', 1, 'Jl Cik Di Tiro No 30 ', 'KOTA YOGYAKARTA', '\'081392357134', 'deyasilvia30@gmail.com', 'RS Panti Rapih', 'Swasta', 1, 2, 1, NULL, NULL),
(399, '3471104-033119', 'DIAH PUSPITA SARI Amd', 'BLORA', '1987-12-05', 'wanita', 1, 'Jl cikditiro no 5 yogyakarta', 'KABUPATEN BLORA', '\'081328857899', 'Sari_deah@yahoo.co.id', 'Rs mata dr yap yogyakarta', 'Swasta', 1, 2, 1, NULL, NULL),
(400, '3471104-056020', 'DYAH PUSPITA SARI A.Md.RMIK', 'KLATEN', '1994-09-15', 'wanita', 1, 'JL HOS COKROAMINOTO 17 A WIROBRAJAN YOGYAKARTA', 'KABUPATEN KLATEN', '\'085733151523', 'dyahp270@gmail.com', 'RSGM UMY', NULL, 1, 2, 1, NULL, NULL),
(401, '3471104-061220', 'DIMAS PURBO IRAWAN A.Md.RMIK', 'SURABAYA', '1993-10-25', 'pria', 1, 'JL HOS COKROAMINOTO 17A WIROBRAJAN DIY', 'KABUPATEN BANTUL', '\'085600728887', 'dimasrmik08@gmail.com', 'RSGM UMY', NULL, 1, 2, 1, NULL, NULL),
(402, '3471104-069920', 'DEVITASARI A.Md.', 'SLEMAN', '1996-03-03', 'wanita', 1, 'Karanganyar, Jl. Kolonel Sugiyono No.98, Brontokusuman, Kec. Mergangsan, Kota Yogyakarta, Daerah Istimewa Yogyakarta 55153', 'KABUPATEN SLEMAN', '\'081804081233', 'devitatasari@gmail.com', 'RS PRATAMA ', 'Swasta', 1, 2, 1, NULL, NULL),
(403, '3471104-071720', 'DIRA EKA CAHYANI A.Md.', 'YOGYAKARTA', '1994-07-20', 'wanita', 1, 'Jl. Kemasan No.12, Prenggan, Kec. Kotagede, Kota Yogyakarta, Daerah Istimewa Yogyakarta 55173', 'KOTA YOGYAKARTA', '\'083869300806', 'dirra.dirro94@gmail.com', 'PUSKESMAS KOTAGEDE 1', 'PNS', 1, 2, 1, NULL, NULL),
(404, '3471104-072420', 'DANIZ ADELIA CHAIRUNNISA A.Md', 'KULON PROGO', '1996-09-13', 'wanita', 1, 'JL. KRASAK TIMUR NO. 34, BAUSASRAN, DANUREJAN, YOGYAKARTA', 'KABUPATEN KULON PROGO', '\'085640604845', 'danizadeliac@gmail.com', 'PUSKESMAS DANUREJAN II', 'PNS', 1, 2, 1, NULL, NULL),
(405, '3471104-073920', 'DIAN PUSPITA RINI A.Md.', 'AMBON', '1997-07-14', 'wanita', 1, 'JL TAMAN SISWA GANG BRAJA PERMANA MG II/1168', 'KOTA YOGYAKARTA', '\'0274386268', 'diapuspar@gmail.com', 'UPT PUSKESMAS MERGANGSAN DINAS KESEHATAN KOTA YOGYAKARTA', 'PNS', 1, 2, 1, NULL, NULL),
(406, '3471104-074520', 'DESIANA DWI RUBI ASTUI A.Md. PerKes', 'GUNUNGKIDUL', '1986-12-26', 'wanita', 1, 'JL. WIROSABAN NO.1 YOGYAKARTA', 'KOTA YOGYAKARTA', '\'081804081697', 'astutidesi52@yahoo.com', 'RSUD KOTA YOGYAKARTA', 'PNS', 1, 2, 1, NULL, NULL),
(407, '3471105-001720', 'EVIA AVIATI ROSADA A.Md.RMIK', 'PANGKAL PINANG', '1995-05-11', 'wanita', 1, 'Jl. Lapter Silampari No. 20, Air Kuti, Lubuk Linggau Timur I, Kota LUbuk Linggau, Sumatera Selatan', 'KOTA LUBUKLINGGAU', '\'082180260047', 'eviaaviatirosada@gmail.com', 'RUMAH SAKIT UMUM DAERAH SITI AISYAH', NULL, 1, 2, 1, NULL, NULL),
(408, '3471105-001920', 'ENY PURWANINGSIH A.Md. RMIK', 'RAWASUREN, BEKASI', '1994-12-12', 'wanita', 1, 'Karang weru, Tirtomulyo, Kretek', 'KABUPATEN BANTUL', '\'', 'ennypurwaningsih31@gmail.com', 'Karang weru', NULL, 1, 2, 1, NULL, NULL),
(409, '3471105-002720', 'ELVITA SONIA GRASIANI IPIR A.Md.RMIK', 'SURABAYA', '1990-10-16', 'wanita', 2, 'Jl.ALTERNATIF TRANSYOGI', 'KOTA SURABAYA', '\'082151025051', 'elvita_sonia@gmail.com', 'RS MITRA KELUARGA CIBUBUR', NULL, 1, 2, 1, NULL, NULL),
(410, '3471105-022219', 'EKA ANISA YULIYANTI A.Md', 'BANTUL', '1992-07-17', 'wanita', 1, 'Jl Tunjung No 1 Baciro', 'KOTA YOGYAKARTA', '\'087839352192', 'ekaanisay@gmail.com', 'Puskesmas Gondokusuman 1', 'TNI', 1, 2, 1, NULL, NULL),
(411, '3471105-022319', 'ELIZABET ERNI KURNIAWATI A.Md.RMIK', 'KLATEN', '1992-10-07', 'wanita', 3, 'JL CIK DI TIRO NO 30', 'KABUPATEN KLATEN', '\'0895399559873', 'ninut0710@gmail.com', 'RS PANTI RAPIH', 'Swasta', 1, 2, 1, NULL, NULL),
(412, '3471105-025619', 'ELMA ETIKA PRAPTIWI A.Md', 'SLEMAN', '1993-10-15', 'wanita', 1, 'Jl brigjen katamso kompleks perkantoran (selatan purawisata) yogyakarta', 'KABUPATEN SLEMAN', '\'087835112526', '15oktoberku@gmail.com', 'Klinik Pratama Seger Waras BNNP DIY', 'PTT', 1, 2, 1, NULL, NULL),
(413, '3471105-027119', 'ESRIYANA NOVIANI Amd', 'SLEMAN', '1987-11-18', 'wanita', 1, 'JALAN SERANGAN NGII NO 215 NGAMPILAN YOGYAKARTA', 'KOTA YOGYAKARTA', '\'-', 'rirismeyga@gmail.com', 'PUSKESMAS NGAMPILAN', 'PTT', 1, 2, 1, NULL, NULL),
(414, '3471105-033619', 'ELSHADDAI LEONORCE TANIKWELE A.Md', 'YOGYAKARTA', '1995-02-01', 'wanita', 3, 'JL. JENDRAL SUDIRMAN  NO 70 KOTABARU, GONDOKUSUMAN, YOGYAKARTA ', 'KABUPATEN SLEMAN', '\'083840486437', 'elshaelsha56@gmail.com', 'RS BETHESDA YOGYAKARTA', 'Swasta', 1, 2, 1, NULL, NULL),
(415, '3471105-036219', 'EDY SUPRIYANTO a.md', 'MAGELANG', '1962-09-27', 'pria', 1, 'JL KH AHMAD DAHLAN', 'KABUPATEN SLEMAN', '\'081802747887', 'edy.spy62@gmail.com', 'RS PKU MUHAMMADIYAH YOGYAKARTA', NULL, 1, 2, 1, NULL, NULL),
(416, '3471105-042819', 'ERSIHANA WULAN SARI A.Md.RMIK', 'SLEMAN', '1993-06-20', 'wanita', 1, 'JL VETERAN 184 YOGYAKARTA', 'KABUPATEN SLEMAN', '\'083840505192', 'hanawulansari93@gmail.com', 'RSI HIDAYATULLAH', 'Swasta', 1, 2, 1, NULL, NULL),
(417, '3471105-045619', 'EKKY WIJAYA NANDASARI AMd. RMIK', 'SURAKARTA', '1992-04-12', 'wanita', 3, 'Jl. Hayam Wuruk No. 6,Yogyakarta', 'KOTA SURAKARTA', '\'081390702238', 'Ekkyjayaselalu12@gmail.com', 'RSU BETHESDA LEMPUYANGWANGI', 'Swasta', 1, 2, 1, NULL, NULL),
(418, '3471105-053420', 'ERLYANA RESTU HANINGTYAS A.Md. Kes', 'SURAKARTA', '1996-07-05', 'wanita', 1, 'Jl. Veteran No. 184 Pandeyan, Umbulharjo', 'KOTA YOGYAKARTA', '\'083865889123', 'erhaningtyas@gmail.com', 'RSI Hidayatullah Yogyakarta', 'Swasta', 1, 2, 1, NULL, NULL),
(419, '3471105-073220', 'ELLYA CHRISTANTI AMd.Kes', 'KEDIRI', '1975-05-16', 'wanita', 3, 'JL. JEND SUDIRMAN NO.70', 'KOTA YOGYAKARTA', '\'081903100012', 'ellyachristanti@gmail.com', 'RS BETHESDA', NULL, 1, 2, 1, NULL, NULL),
(420, '3471105-076220', 'ERNIAWATI A.Md.Kes.', 'SLEMAN', '1998-03-23', 'wanita', 1, '-', 'KABUPATEN SLEMAN', '\'0895401648864', 'erniawati241@gmail.com', '-', NULL, 1, 2, 1, NULL, NULL),
(421, '3471106-007918', 'FIPIT DITA RAMAYATI A.Md. PerKes', 'SLEMAN', '1988-05-29', 'wanita', 1, 'JL. JANTI BLOK O YOGYAKARTA', 'KOTA YOGYAKARTA', '\'085743001610', 'fipitdita@gmail.com', 'RSPAU dr. S. HARDJOLUKITO', NULL, 1, 2, 1, NULL, NULL),
(422, '3471106-018418', 'FRANSISCA HARU KURNIAWATI A.Md', 'SLEMAN', '1974-04-08', 'wanita', 2, 'JL CIK DI TIRO 30', 'KOTA YOGYAKARTA', '\'081804102299', 'fransisca_hk@yahoo.com', 'RS PANTI RAPIH', 'Swasta', 1, 2, 1, NULL, NULL),
(423, '3471106-019619', 'FARISI GHAZWAN AMD', 'YOGYAKARTA', '1985-02-18', 'pria', 1, 'JL. WIROSABAN NO.1', 'KOTA YOGYAKARTA', '\'085643264218', 'FARIZGHAZWAN@GMAIL.COM', 'RSUD KOTA YOGYAKARTA', 'PNS', 1, 2, 1, NULL, NULL),
(424, '3471106-025019', 'FRANCISCO XIMENES A.Md.RMIK', 'MANATUTO', '1990-12-14', 'pria', 2, 'JL CIK DI TIRO NO 30', 'KABUPATEN MAGELANG', '\'0895328698025', 'francisco_ximenes182@yahoo.com', 'RS PANTI RAPIH YOGYAKARTA', 'Swasta', 1, 2, 1, NULL, NULL),
(425, '3471106-026719', 'FIKI PUTRI SULISTIANINGTYAS A.Md. RMIK', 'SLEMAN', '1994-06-01', 'wanita', 1, 'jl Hos Cokroaminoto wirobrajan 17 a yogyakarta', 'KABUPATEN SLEMAN', '\'0895392205951', 'fikiputri86@gmail.com', 'RSGM UMY', 'Swasta', 1, 2, 1, NULL, NULL),
(426, '3471106-033319', 'FITRI WAHYU NINGSIH A.Md. RMIK', 'KLATEN', '1993-10-20', 'wanita', 1, 'JL CIK DITIRO NO 30 YOGYAKARTA', 'KABUPATEN KLATEN', '\'085725033335', 'fitri.wahyu.zn@gmail.com', 'RS PANTI RAPIH YOGYAKARTA', NULL, 1, 2, 1, NULL, NULL),
(427, '3471106-052320', 'FIMAN AHMADI A.Md.RMIK', 'KEMBANG MUMPO', '1994-08-31', 'pria', 1, 'Jln. Raya pasar paritiga sebelah Koramil kec. Parittiga kab.bangka barat', 'KABUPATEN BANGKA BARAT', '\'082376191460', 'fimanahmadi56@gmail.com', 'Puskesmas Puput', 'PNS', 1, 2, 1, NULL, NULL),
(428, '3471106-065920', 'FIQIH RILO PAMBUDY A.Md', 'MANOKWARI', '1999-04-02', 'pria', 1, '-', 'KABUPATEN WONOGIRI', '\'089508286846', 'fiqihpambudy@gmail.com', '-', NULL, 1, 2, 1, NULL, NULL),
(429, '3471106-071820', 'FATIMAH DIAN EKA PUTRI A.Md. Kes', 'SURAKARTA', '1997-08-01', 'wanita', 1, 'Jl. KH. Ahmad Dahlan No.20, Ngupasan, Kec. Gondomanan, Kota Yogyakarta', 'KOTA SURAKARTA', '\'089675467105', 'Imahfa631@gmail.com', 'RS PKU Muhammadiyah Yogyakarta', NULL, 1, 2, 1, NULL, NULL),
(430, '3471106-074420', 'FAJAR AHMAD PUJIANTO A.Md.Kes', 'OKU TIMUR', '1997-11-18', 'pria', 1, 'Jl cik di tiro no 30. Terban. Gondokusuman, yk', 'KOTA PALEMBANG', '\'081328582192', 'fajarahmad1811@gmail.com', 'Rumah Sakit Panti Rapih Yogyakarta', NULL, 1, 2, 1, NULL, NULL),
(431, '3471106-075620', 'FITA CAHYANINGSIH A.Md', 'GUNUNGKIDUL', '1998-12-08', 'wanita', 1, 'Paliyan', 'KABUPATEN GUNUNG KIDUL', '\'087839793303', 'fitacahyaningsih17@gmail.com', '-', NULL, 1, 2, 1, NULL, NULL),
(432, '3471107-024519', 'GALUH WULANDARI SULISTYA SKM', 'KULON PROGO', '1993-05-23', 'wanita', 1, 'JL JUWADI NO 19 YOGYAKARTA', 'KOTA YOGYAKARTA', '\'085729223633', 'ulansulistya@yahoo.com', 'RS TK III 04.06.03 DR SOETARTO YOGYAKARTA (DKT)', 'PTT', 1, 2, 1, NULL, NULL),
(433, '3471107-054920', 'GALUH OCTAVIANA SUNARYA A.Md', 'MALANG', '1990-10-13', 'wanita', 1, 'JL. KI PENJAWI NO. 4 REJOWINANGUN KOTAGEDE YOGYAKARTA', 'KOTA YOGYAKARTA', '\'081377235675', 'galuh.octavianas@gmail.com', 'UPT PUSKESMAS KOTAGEDE II KOTA YOGYAKARTA', 'PNS', 1, 2, 1, NULL, NULL),
(434, '3471107-067320', 'GILANG VIDRA ANUGRAH A.Md.Kes', 'JAMBI', '1998-02-12', 'pria', 1, 'Jl.Ringroad Utara No 22C, Kel.Condongcatur, Kec.Depok, Kab.Sleman, Yogyakarta', 'KOTA JAMBI', '\'081325651103', 'gilangvidraanugrah@gmail.com', 'POLTEKKES PERMATA INDONESIA YOGYAKARTA', NULL, 1, 2, 1, NULL, NULL),
(435, '3471108-020119', 'HERLINA DEVI PRAJAWATI A.Md', 'KLATEN', '1988-08-02', 'wanita', 1, 'JL. KI PENJAWI NO. 04, REJOWINANGUN, KOTAGEDE', 'KABUPATEN KLATEN', '\'087725557975', 'herlinadevip@gmail.com', 'PUSKESMAS KOTAGEDE 2', 'PNS', 1, 2, 1, NULL, NULL),
(436, '3471108-022719', 'HAYU SUCI WULANDARI A.Md', 'GUNUNGKIDUL', '1996-02-05', 'wanita', 1, 'JL KH AHMAD DAHLAN NO 20 ', 'KABUPATEN GUNUNG KIDUL', '\'081226365646', 'hayusuci@gmail.com', 'RS PKU MUHAMMADIYAH YOGYAKARTA', NULL, 1, 2, 1, NULL, NULL),
(437, '3471108-023119', 'HESTI AGUS PUJI ARINI A.Md', 'WONOSOBO', '1986-08-28', 'wanita', 1, 'Jl. DI Panjaitan 82 Yogyakarta', 'KABUPATEN SLEMAN', '\'081327302602', 'hesti.wsb@gmail.com', 'Puskemas Mantrijeron', 'PNS', 1, 2, 1, NULL, NULL),
(438, '3471108-025719', 'HIMAWAN ADVENTAYUDHA A.Md. Kes', 'GUNUNGKIDUL', '1997-07-04', 'pria', 3, 'Jl. Jend. Soedirman No.70 Yogyakarta 55224', 'KABUPATEN GUNUNG KIDUL', '\'087727858750', 'himyud111@gmail.com', 'Rumah Sakit Bethesda', 'Swasta', 1, 2, 1, NULL, NULL);
INSERT INTO `tbl_anggota` (`id`, `no_anggota`, `nama_anggota`, `tempat_lahir`, `tgl_lahir`, `jk`, `id_agama`, `alamat`, `kota_tinggal`, `hp`, `email`, `tempat_kerja`, `status_kepegawaian`, `id_dpc`, `level`, `status`, `tanggal`, `catatan`) VALUES
(439, '3471108-033219', 'HERLINA A.Md', 'BANTUL', '1995-05-25', 'wanita', 1, 'JL. KOL. SUGIYONO NO. 98 YOGYAKARTA', 'KABUPATEN BANTUL', '\'085743236365', 'herlina365@gmail.com', 'UPT RUMAH SAKIT PRATAMA KOTA YOGYAKARTA', 'PTT', 1, 2, 1, NULL, NULL),
(440, '3471108-062320', 'HANANSAFA ILSYA AGASI A.Md.Kes', 'SRAGEN', '2000-06-08', 'wanita', 1, 'Jl.Ringroad Utara No.22C, Kec.Depok, Kel.Condongcatur, Kab.Sleman, Yogyakarta', 'KABUPATEN SRAGEN', '\'081327005501', 'hanaagasi32@gmail.com', 'Poltekkes Permata Indonesia Yogyakarta', NULL, 1, 2, 1, NULL, NULL),
(441, '3471108-073420', 'HERMAWATI SITA DEVI Amd RMIK', 'SLEMAN', '1996-09-21', 'wanita', 1, 'Jl Kh Achmad Dahlan No 20 Yogyakarta', 'KOTA YOGYAKARTA', '\'083867447824', 'hermaside@gmail.com', 'RS PKU Muhammadiyah Yogyakarta', NULL, 1, 2, 1, NULL, NULL),
(442, '3471109-010818', 'IKA NURUL SETYAWATI A.Md.RMIK', 'TEMANGGUNG', '1995-10-05', 'wanita', 1, 'JL AHMAD YANI NO 9 TANGERANG ', 'KABUPATEN TANGERANG', '\'085697351105', 'Ikhaikhul76@gmail.com', 'RSU KABUPATEN TANGERANG', 'Swasta', 1, 2, 1, NULL, NULL),
(443, '3471109-013418', 'IBNU MARDIYOKO A.Md, SKM, MM', 'YOGYAKARTA', '1958-04-24', 'pria', 3, 'Jl. Janti no366 ', 'KABUPATEN SLEMAN', '\'081392227556', 'ibnu_mardiyoko@yahoo.com', 'POLTEKKES BSI', 'Swasta', 1, 2, 1, NULL, NULL),
(444, '3471109-026019', 'INDRI MELANI SYAHPUTRI A.Md., Kes', 'WONOGIRI', '1997-10-10', 'wanita', 1, 'Jl. Jend. Sudirman No.70, Kotabaru, Gondokusuman, Kota Yogyakarta, Daerah Istimewa Yogyakarta 55224', 'KABUPATEN KLATEN', '\'', 'indrimelani7890@gmail.com', 'RS BETHESDA', 'Swasta', 1, 2, 1, NULL, NULL),
(445, '3471109-027019', 'ILMIYAWATI A.Md', 'BANTUL', '1985-04-28', 'wanita', 1, 'JL KH AHMAD DAHLAN NO 20 YOGYAKARTA', 'KABUPATEN BANTUL', '\'083197688999', 'ilmiyawati@gmail.com', 'PKU MUHAMMADIYAH YOGYAKARTA', 'Swasta', 1, 2, 1, NULL, NULL),
(446, '3471109-028619', 'ISTI NUR ANIFAH A.Md. RMIK', 'MAGELANG', '1995-01-07', 'wanita', 1, 'JL. WIRATAMA NO. 4, TEGALREJO', 'KABUPATEN MAGELANG', '\'085712178128', 'isti.nur.anifah@gmail.com', 'RS LUDIRA HUSADA TAMA', NULL, 1, 2, 1, NULL, NULL),
(447, '3471109-029719', 'INDIRA YENI A.Md', 'BANTUL', '1994-10-18', 'wanita', 1, 'JL KOL SUGIYONO NO 98 YOGYAKARTA', 'KABUPATEN BANTUL', '\'089517263400', 'indirayeni.iy@gmail.com', 'UPT RUMAH SAKIT PRATAMA KOTA YOGYAKARTA', NULL, 1, 2, 1, NULL, NULL),
(448, '3471109-045819', 'IGNATIUS YUDI SETIAWAN A.Md.', 'KLATEN', '1992-03-03', 'pria', 2, '-', 'KABUPATEN KLATEN', '\'087834855234', 'ignasioyudy.ys@gmail.com', 'Belum Bekerja Lagi', NULL, 1, 2, 1, NULL, NULL),
(449, '3471109-047420', 'IRMA YUNITA AMd,RMIK', 'SURAKARTA', '1993-06-26', 'wanita', 3, 'JL CIK DITIRO NO 30 ', 'KOTA YOGYAKARTA', '\'08995242724', 'ZEVANYAIRMA84@GMAIL.COM', 'RS PANTI RAPIH ', NULL, 1, 2, 1, NULL, NULL),
(450, '3471109-049720', 'IRES TR LOKOLLO A.md.RMIK', 'MASOHI', '1994-09-15', 'wanita', 3, 'Jln dr.G.A.siwabessy Kel.Namaelo. Masohi. Maluku Tengah, Maluku', 'KABUPATEN MALUKU TENGAH', '\'082238398500', 'irestresia@yahoo.com', 'RSUD MASOHI', 'PNS', 1, 2, 1, NULL, NULL),
(451, '3471109-056820', 'INDRA MANGUN HARYANTIKA A.Md RMIK', 'CILACAP', '1994-03-18', 'pria', 1, 'JALAN WIROSABAN NO 1 YOGYAKARTA', 'KABUPATEN SLEMAN', '\'081359186330', 'imharyantika@gmail.com', 'RSUD KOTA YOGYAKARTA', NULL, 1, 2, 1, NULL, NULL),
(452, '3471109-071020', 'IRMA NURUL INSANI A.Md.', 'BANTUL', '1993-07-19', 'wanita', 1, 'Jl. Wirosaban No.1 Yogyakarta 55162', 'KABUPATEN BANTUL', '\'081234600023', 'irmanurulinsani@gmail.com', 'RUMAH SAKIT UMUM DAERAH KOTA YOGYAKARTA', 'PNS', 1, 2, 1, NULL, NULL),
(453, '3471109-072620', 'INTAN NORMASARI A.Md.RMIK', 'YOGYAKARTA', '1996-08-14', 'wanita', 1, 'JL. P. DIPONEGORO NO 91 BUMIJO JETIS KOTA YOGYAKARTA', 'KABUPATEN SLEMAN', '\'081329932303', 'intannrs@gmail.com', 'UPT PUSKESMAS JETIS KOTA YOGYAKARTA', 'PNS', 1, 2, 1, NULL, NULL),
(454, '3471110-029119', 'JIRATMI AMd', 'BANTUL', '1986-01-03', 'wanita', 1, 'JL KH A DAHLAN NO 20 YOGYAKARTA', 'KABUPATEN BANTUL', '\'08174120325', 'jiratmipuspitasari@gmail.com', 'RS PKU MUHAMMADIYAH YOGYAKARTA', 'Swasta', 1, 2, 1, NULL, NULL),
(455, '3471110-055420', 'JOKO NUR HANTORO A.Md', 'KULON PROGO', '1989-12-14', 'pria', 3, 'JL. WIROSABAN NO.1 SOROSUTAN UMBULHARJO YOGYAKARTA', 'KABUPATEN SLEMAN', '\'081226855027', 'jokonoorhan@gmail.com', 'RSUD KOTA YOGYAKARTA', 'PNS', 1, 2, 1, NULL, NULL),
(456, '3471111-013918', 'KRISTIAWAN DEWANTOKO A.Md', 'WONOGIRI', '1991-02-14', 'pria', 3, 'JL JENDRAL SUDIRMAN NO 70 YOGYAKARTA', 'KOTA YOGYAKARTA', '\'08882740495/085642303072', 'kdewantoko@gmail.com', 'RUMAH SAKIT BETHESDA YOGYAKARTA', 'Swasta', 1, 2, 1, NULL, NULL),
(458, '3471111-025919', 'KARTONO A.Md.', 'KLATEN', '1989-09-24', 'pria', 1, 'JL. DELES INDAH DS.KEPUTRAN KEC.KEMALANG KAB.KLATEN KODEPOS 57484 ', 'KABUPATEN KLATEN', '\'081392478890', 'tonojoss@gmail.com', 'PUSKESMAS KEMALANG KLATEN', 'PNS', 1, 2, 1, NULL, NULL),
(459, '3471111-030719', 'KURNIA SANDY SAPUTRO AM.d', 'SRAGEN', '1995-12-18', 'pria', 3, 'Jl. Cik Di Tiro No.30, Terban, Gondokusuman, Kota Yogyakarta, Daerah Istimewa Yogyakarta 55223', 'KABUPATEN SRAGEN', '\'-', 'sanchezsandy48@gmail.com', 'RS PANTI RAPIH ', NULL, 1, 2, 1, NULL, NULL),
(460, '3471111-031519', 'KREFSIANA MULATI SUPRAPTO A.Md', 'YOGYAKARTA', '1987-05-11', 'wanita', 1, 'JL WIROSABAN NO. 1 YOGYAKARTA', 'KOTA YOGYAKARTA', '\'089616099411', 'krefsianaghazwan@gmail.com', 'RSUD KOTA YOGYAKARTA', 'Swasta', 1, 2, 1, NULL, NULL),
(461, '3471111-044619', 'KAMAL BURHANUDDIN A.Md.', 'SLEMAN', '1994-07-30', 'pria', 1, 'JL MAGELANG KM 2 NO 180 KARANGWARU TEGALREJO YOGYAKARTA', 'KABUPATEN SLEMAN', '\'085892926130', 'kamal.burhan01@gmail.com', 'PUSKESMAS TEGALREJO KOTA YOGYAKARTA', 'PNS', 1, 2, 1, NULL, NULL),
(462, '3471111-050820', 'KHODIJAH TRYANA SETYAWATI A.Md.Kes', 'SLEMAN', '1996-03-24', 'wanita', 1, 'JL Hos Cokroaminoto No 17, Pakuncen, Wirobrajan', 'KABUPATEN SLEMAN', '\'0895422387111', 'khodijah.tryana96@gmail.com', 'RS Asri Medical Center Muhammadiyah Yogyakarta', 'Swasta', 1, 2, 1, NULL, NULL),
(463, '3471111-065120', 'KAASA FARIHA ISTIANI A.Md.', 'BANYUMAS', '1999-10-10', 'wanita', 1, NULL, 'KABUPATEN BANYUMAS', '\'0895380717628', 'kaasafariha95@gmail.com', 'X', NULL, 1, 2, 1, NULL, NULL),
(464, '3471111-066620', 'KORINTA RISANG KUSUMA A.Md', 'SLEMAN', '1998-09-24', 'wanita', 3, NULL, 'KABUPATEN SLEMAN', '\'089530363506', 'korintarisang@gmail.com', 'Universitas Gadjah Mada', NULL, 1, 2, 1, NULL, NULL),
(465, '3471111-072120', 'KARTIKA HENING PRATIWI A.Md.RMIK', 'YOGYAKARTA', '1995-06-26', 'wanita', 1, 'JL. JEND. SUDIRMAN 70 YOGYAKARTA', 'KOTA YOGYAKARTA', '\'081310367348', 'kartikahening87@gmail.com', 'RS BETHESDA YOGYAKARTA', NULL, 1, 2, 1, NULL, NULL),
(466, '3471111-072920', 'KRISTINA SUPRIYATI AMd.PerKes', 'GUNUNG KIDUL', '2021-02-27', 'wanita', 3, 'JL. JENDRAL SUDIRMAN NO. 70', 'KOTA YOGYAKARTA', '\'085727732407', 'kristinasupriyati83@gmail.com', 'RS BETHESDA YOGYAKARTA', NULL, 1, 2, 1, NULL, NULL),
(467, '3471112-010018', 'LILIS DYAH PERTIWI A.Md.', 'DEMAK', '1995-12-21', 'wanita', 1, 'Jl. Panembahan Senopati No.4, Dagaran, Palbapang, Kec. Bantul, Bantul, Daerah Istimewa Yogyakarta', 'KABUPATEN BANTUL', '\'085335178187', 'lilispertiwi21@gmail.com', 'RS Paru Respira Yogyakarta', 'BLU', 1, 2, 1, NULL, NULL),
(468, '3471112-013518', 'LINTANG PERTIWI A.Md', 'YOGYAKARTA', '1990-07-25', 'wanita', 2, 'JL CIK DI TIRO NO 30 YOGYAKARTA', 'KOTA YOGYAKARTA', '\'081231162719', 'annalintangpertiwi@gmail.com', 'RS PANTI RAPIH', 'Swasta', 1, 2, 1, NULL, NULL),
(469, '3471112-020619', 'LUQMAN AL HAKIM A.Md PerKes', 'KUDUS', '1980-02-25', 'pria', 1, 'JL. CIK DI TIRO NO. 5', 'KOTA YOGYAKARTA', '\'08122513377', 'luqmanjumeneng01@gmail.com', 'RS MATA Dr.YAP', NULL, 1, 2, 1, NULL, NULL),
(470, '3471112-023819', 'LAILATUL AZIZAH A.Md.', 'BANTUL', '1992-11-27', 'wanita', 1, 'JL WIROSABAN NO.1 SOROSUTAN UMBULHARJO YK', 'KABUPATEN BANTUL', '\'089506541534', 'ellaza323@gmail.com', 'RSUD KOTA YOGYAKARTA', 'BLU', 1, 2, 1, NULL, NULL),
(471, '3471112-029019', 'LUTFIANA NURHAYATI A.Md.RMIK', 'KLATEN', '1995-08-22', 'wanita', 1, 'JL. HOS COKROAMINOTO NO. 17 WIROBRAJAN YOGYAKARTA', 'KABUPATEN KLATEN', '\'085642324373', 'lutfiananurhayati0@gmail.com', 'ASRI MEDICAL CENTER', 'Swasta', 1, 2, 1, NULL, NULL),
(472, '3471112-046119', 'LADY MAI ANGGRAINI SEMBIRING A.Md RMIK', 'KABANJAHE', '1996-05-05', 'wanita', 3, 'JALAN SILOAM NO 6 LIPPO KARAWACI', 'KABUPATEN KARO', '\'082242135285', 'lady.mai.a@mail.ugm.ac.id', 'RS SILOAM KARAWACI', 'Swasta', 1, 2, 1, NULL, NULL),
(473, '3471112-052020', 'LAILI RAHMATUL ILMI A.Md., SKM., MPH', 'YOGYAKARTA', '1987-07-28', 'wanita', 1, 'jl Brawijaya, Ringroad barat. Ambarkewang, Sleman', 'KABUPATEN BANTUL', '\'085236861861', 'lailiilmi@gmail.com', 'Universitas Jenderal Achmad Yani Yogyakarta', NULL, 1, 2, 1, NULL, NULL),
(474, '3471112-059020', 'LATIFA PURWANINGSIH AMd.RMIK', 'SLEMAN', '1995-08-24', 'wanita', 1, 'JALAN HOS COKROAMINOTO NO 17 A, WIROBRAJAN', 'KOTA YOGYAKARTA', '\'0816283256', 'latifapurwaningsih33.lp@gmail.com', 'RUMAH SAKIT GIGI DAN MULUT (RSGM) UNIVERSITAS MUHAMMADIYAH YOGYAKARTA (UMY)', NULL, 1, 2, 1, NULL, NULL),
(475, '3471112-073820', 'LATIFAH NUR PRAPTANINGTYAS A.Md', 'SLEMAN', '1994-12-10', 'wanita', 1, 'Jl. Dorodasih, Patangpuluhan, Wirobrajan, Kota Yogyakarta, Daerah Istimewa Yogyakarta', 'KOTA YOGYAKARTA', '\'085647157330', 'latifahnurpraptaningtyas@gmail.com', 'PUSKESMAS WIROBRAJAN', 'PNS', 1, 2, 1, NULL, NULL),
(476, '3471113-000120', 'MAHRIZAL RAMADHAN A. GANI A.Md', 'ENDE', '1993-03-02', 'pria', 1, 'JL KOLONEL SUGIYONO NO 98, BRONTOKUSUMAN, MERGANGSAN, KOTA YOGYAKARTA', 'KABUPATEN SLEMAN', '\'081339857151', 'ijalgani@gmail.com', 'RUMAH SAKIT PRATAMA KOTA YOGYAKARTA', 'PNS', 1, 2, 1, NULL, NULL),
(477, '3471113-001220', 'MELLY YULIANA LAKSMITASARI A.MD RMIK', 'BANTUL', '1996-07-08', 'wanita', 1, 'JALAN WIRATAMA NO 4 TERGALREJO', 'KABUPATEN BANTUL', '\'089504711093', 'mellylaksmita@gmail.com', 'RUMAH SAKIT LUDIRA HUSADA TAMA YOGYAKARTA', NULL, 1, 2, 1, NULL, NULL),
(478, '3471113-019519', 'Mulyani A.Md', 'Karanganyar', '1986-02-27', 'wanita', 1, 'JL.LAKSDA ADISUCIPTO NO.32-34', 'KOTA YOGYAKARTA', '\'081322857338', 'Mulyani@siloamhospitals.com', 'RS SILOAM YOGYAKARTA', 'Swasta', 1, 2, 1, NULL, NULL),
(479, '3471113-021119', 'AHLI MADYA MAYASARI AGUSTINA', 'WONOGIRI', '1989-08-20', 'wanita', 3, 'JL HAYAM WURUK NO 06 YOGYAKARTA', 'KOTA YOGYAKARTA', '\'081912929211', 'gamaymakrufi@gmail.com', 'RS BETHESDA LEMPUYANGWANGI', 'Swasta', 1, 2, 1, NULL, NULL),
(480, '3471113-021219', 'MUHAMMAD HAMDANI PRATAMA A.Md, SKM', 'YOGYAKARTA', '1986-06-27', 'pria', 1, 'Jalan Wirosaban No 1', 'KABUPATEN SLEMAN', '\'082133599900', 'danimuhammadtama@gmail.com', 'RSUD Kota Yogyakarta', 'PNS', 1, 2, 1, NULL, NULL),
(481, '3471113-026119', 'MIA RUSVIANA A.Md.Kes.', 'SELONG', '1997-05-07', 'wanita', 1, 'JL. JEND.SUDIRMAN 70 YOGYAKARTA', 'KABUPATEN LOMBOK TIMUR', '\'087763498831', 'miarusviana@gmail.com', 'RS BETESDHA YOGYAKARTA', 'Swasta', 1, 2, 1, NULL, NULL),
(482, '3471113-027919', 'MARIANUS LUKU Amd.Kes', 'OHE', '1996-08-22', 'pria', 2, 'Jl. Jendral sudirman 70 yogyakarta', 'KOTA YOGYAKARTA', '\'082341090953', 'Marianusbalawangak@gmail.com', 'Rs bethesda', NULL, 1, 2, 1, NULL, NULL),
(483, '3471113-028419', 'MUCHITUN A.Md.', 'Sleman', '1986-05-26', 'wanita', 1, 'Jl. Jayeng Prawiran No. 13, Pakualaman, Kota Yogyakarta', 'KABUPATEN SLEMAN', '\'085643330281', 'iya.muchitun@gmail.com', 'Puskesmas Pakualaman Kota Yogyakarta', 'PNS', 1, 2, 1, NULL, NULL),
(484, '3471113-031019', 'MATIAS YONA SETIAWAN Amd.RMIK', 'YOGYAKARTA', '1995-05-13', 'pria', 2, 'JL CIK DI TIRO 30  TERBAN GONDOKUSUMAN ', 'KOTA YOGYAKARTA', '\'089506351494', 'Yonasetiawan013@gmail.com', 'RS PANTI RAPIH ', 'Swasta', 1, 2, 1, NULL, NULL),
(485, '3471113-033419', 'MARWINDA OKTAVIANA KESUMA WARDANI A.Md.RMIK', 'SLEMAN', '1992-10-11', 'wanita', 3, 'JL CIK DITIRO 30 YOGYAKARTA', 'KOTA YOGYAKARTA', '\'08121548748', 'windha.oktaviaa@gmail.com', 'RS PANTI RAPIH ', NULL, 1, 2, 1, NULL, NULL),
(486, '3471113-038019', 'MIRZA AFIFFA&amp;#039;IZAH A. Md', 'MADIUN', '1996-02-08', 'wanita', 1, 'Jl Raya Dolopo no 117, Dolopo , Madiun', 'KABUPATEN MADIUN', '\'087794005566', 'mirzaa.faizah@gmail.com', 'RSUD Dolopo', 'PNS', 1, 2, 1, NULL, NULL),
(487, '3471113-038219', 'MUTIARA PERTIWI A.Md', 'BANTUL', '1992-04-21', 'wanita', 1, 'JL. VETERAN NO.43 MUJA MUJU, UMBULHARJO', 'KABUPATEN SLEMAN', '\'085868476761', 'mutekmutiara@gmail.com', 'PUSKESMAS UMBULHARJO 1', 'PNS', 1, 2, 1, NULL, NULL),
(488, '3471113-056120', 'MARLINA A.Md.Kes', 'SLEMAN', '1997-03-15', 'wanita', 1, 'JALAN HOS COKROAMINOTO 17A, WIROBRAJAN, YOGYAKARTA', 'KOTA YOGYAKARTA', '\'085643247168', 'marlinalina8144@gmail.com', 'RUMAH SAKIT GIGI DAN MULUT UMY', NULL, 1, 2, 1, NULL, NULL),
(489, '3471113-063120', 'MAYA LUSIYANTI A. Md. Kes', 'CILACAP', '1999-08-01', 'wanita', 1, 'JALAN PANDEAN II NO.22C, GANDOK, CONDONGCATUR, DEPOK', 'KABUPATEN CILACAP', '\'085955090566', 'mayalusiyanti18@gmail.com', 'POLITEKNIK KESEHATAN PERMATA INDONESIA YOGYAKARTA', NULL, 1, 2, 1, NULL, NULL),
(490, '3471113-064420', 'MARHABAN FATHURROCHMAN A.Md', 'YOGYAKARTA', '1998-03-21', 'pria', 1, 'x', 'KOTA YOGYAKARTA', '\'082324601253', 'marhaban.f@mail.ugm.ac.id', 'x', NULL, 1, 2, 1, NULL, NULL),
(491, '3471113-067520', 'MIRSA ARIYANA A.Md RMIK', 'MAGELANG', '1995-01-19', 'wanita', 1, 'JL Bugisan Wb III/437 kode pos 55251', 'KOTA YOGYAKARTA', '\'081328272940', 'ariyana.mirsa@gmail.com', 'Puskesmas Wirobrajan', 'Swasta', 1, 2, 1, NULL, NULL),
(492, '3471113-070120', 'MARGARET PALMA TEFANNY DANDUM A.Md.', 'WONOGIRI', '1999-03-28', 'wanita', 2, 'Sleman', 'KABUPATEN WONOGIRI', '\'083866037091', 'margarettefanny@gmail.com', 'Rumah Sakit', NULL, 1, 2, 1, NULL, NULL),
(493, '3471113-071120', 'MONICA ENDANG SETYANINGSIH Amd PerKes', 'KLATEN', '1988-09-13', 'wanita', 2, 'Jl wirosaban no 1 yogyakarta', 'KOTA YOGYAKARTA', '\'083807230634', 'monicasetya@yahoo.com', 'RSUD KOTA YOGYAKARTS', NULL, 1, 2, 1, NULL, NULL),
(494, '3471113-072720', 'MARATUN SHOLIKHAH A.Md', 'BONTANG', '1986-10-28', 'wanita', 1, 'BAUSASRAN DN 3/819', 'KABUPATEN SLEMAN', '\'085250770028', 'almumtaz313@gmail.com', 'PUSKESMAS DANUREJAN 1', 'PNS', 1, 2, 1, NULL, NULL),
(495, '3471113-073020', 'MARIA MEGA FERNANDEZ Amd RMIK', 'ENDE', '1996-09-11', 'wanita', 2, 'Jl Cikdi Tiro no 30 Terban Gondokusuman Yogyakarta', 'KOTA YOGYAKARTA', '\'085229089491', 'fernandezmega@gmail.com', 'Instalansi Rekam Medis Rumah Sakit Panti Rapih', NULL, 1, 2, 1, NULL, NULL),
(496, '3471113-074120', 'MAYANG DWI SARSANA A.Md', 'KLATEN', '1986-12-04', 'wanita', 1, 'Jl Wirosaban no 1', 'KABUPATEN MAGELANG', '\'085759923992', 'sarsha6674@gmail.com', 'RSUD Kota Yogyakarta', 'PNS', 1, 2, 1, NULL, NULL),
(497, '3471114-009618', 'NYOTO ADI SYAFARUDIN amd.rmik', 'TEMANGGUNG', '1990-08-23', 'pria', 1, NULL, 'KOTA YOGYAKARTA', '\'', 'nyotoadisyafa@gmail.com', 'rsu panti baktiningsih', NULL, 1, 2, 1, NULL, NULL),
(498, '3471114-019719', 'NILA DAMAYANTI AMD', 'SURAKARTA', '1983-02-04', 'wanita', 1, 'JL. WIROSABAN NO. 1', 'KOTA YOGYAKARTA', '\'08122791209', 'BUNDANAYAPRAYA@GMAIL.COM', 'RSUD KOTA YOGYAKARTA', 'PNS', 1, 2, 1, NULL, NULL),
(499, '3471114-020019', 'NARADILA WIDAYANI A.Md., S.KM.', 'YOGYAKARTA', '1986-06-30', 'wanita', 1, 'JL. KRASAK TIMUR NO. 34, BAUSASRAN RT. 001 RW. 001, DANUREJAN, YOGYAKARTA', 'KOTA YOGYAKARTA', '\'085729225450', 'naradila.widayani306@gmail.com', 'PUSKESMAS DANUREJAN II YOGYAKARTA', 'PNS', 1, 2, 1, NULL, NULL),
(500, '3471114-024719', 'NOVELLA KRISTIANINGRUM A.Md.RMIK', 'SLEMAN', '1992-11-06', 'wanita', 3, 'JL. CIK DI TIRO NO 30 YOGYAKARTA', 'KOTA YOGYAKARTA', '\'', 'novellakristianingrum@gmail.com', 'RS PANTI RAPIH', NULL, 1, 2, 1, NULL, NULL),
(501, '3471114-024819', 'NUR FITRI FEBRIANI A.Md', 'SRAGEN', '1997-02-28', 'wanita', 1, 'Jalan Aipda Tut Harsono No 53, Muja Muju', 'KABUPATEN SRAGEN', '\'089658848272', 'nurfitrifebriani28@gmail.com', 'RS Happy Land Medical Centre', NULL, 1, 2, 1, NULL, NULL),
(502, '3471114-025119', 'NUR KHARISMA IJMIYANTI A.Md.', 'TEGAL', '1989-06-23', 'wanita', 1, 'JL DARADASIH WIROBRAJAN YOGYAKARTA', 'KABUPATEN SLEMAN', '\'081804045678', 'rhisma.miuwh@gmail.com', 'PUSKESMAS WIROBRAJAN', 'PNS', 1, 2, 1, NULL, NULL),
(503, '3471114-028719', 'NOVI INDRI HAPSARI A.Md. RMIK', 'BEKASI', '1995-11-15', 'wanita', 1, 'JL. WIRATAMA NO. 4, TEGALREJO', 'KABUPATEN BEKASI', '\'085727264917', 'novihapsari15@gmail.com', 'RS LUDIRA HUSADA TAMA', NULL, 1, 2, 1, NULL, NULL),
(504, '3471114-032019', 'NURI MADIATI HIDAYATULLAH A.Md RMIK', 'SLEMAN', '1996-01-30', 'wanita', 1, 'Jl. Wiratama No. 4 Tegalrejo Yogyakarta', 'KABUPATEN SLEMAN', '\'085729742422', 'madiati30@gmail.com', 'RS LUDIRA HUSADA TAMA', NULL, 1, 2, 1, NULL, NULL),
(505, '3471114-034419', 'NURDASIH AMD', 'SLEMAN', '1965-01-20', 'wanita', 1, 'JRSUD KOTA YK JL WIROSASABAN NO I YK', 'KOTA YOGYAKARTA', '\'081802650971', 'nurdasihnurdasih@gmail.com', 'RSUD KOTA YK', 'PNS', 1, 2, 1, NULL, NULL),
(506, '3471114-034619', 'NISTA SARI A.Md.RMIK', 'BANTUL', '1994-04-30', 'wanita', 1, 'Jl. KH. Ahmad Dahlan No.20, Ngupasan, Gondomanan, Kota Yogyakarta, Daerah Istimewa Yogyakarta 55122', 'KOTA YOGYAKARTA', '\'089675922282', 'nistasari1994@gmail.com', 'RS PKU MUHAMMADIYAH YOGYAKARTA', 'Swasta', 1, 2, 1, NULL, NULL),
(507, '3471114-034819', 'nurdasih amd', 'sleman', '1965-01-20', 'wanita', 1, 'JL WIROSABAN NO 1 YOGYAKARTA', 'KOTA YOGYAKARTA', '\'081802650971', 'Nurdasihnurdasih@gmail.com', 'RSUD KOTA YOGYAKARTA', 'PNS', 1, 2, 1, NULL, NULL),
(508, '3471114-052720', 'NISRINA ULIN NIKMAH A.Md.Kes', 'SURAKARTA', '1997-08-03', 'wanita', 1, 'JL. LAKSDA ADISUCIPTO NO. 32-34, DEMANGAN, GONDOKUSUMAN', 'KABUPATEN KARANGANYAR', '\'085944600398', 'nisrina.ulin.nikmah@gmail.com', 'RS SILOAM YOGYAKARTA', 'Swasta', 1, 2, 1, NULL, NULL),
(509, '3471114-058820', 'NATALIA CHRISTIANINGSIH A.Md.', 'GUNUNGKIDUL', '1990-12-24', 'wanita', 3, 'JL. KOLONEL SUGIYONO NO 98 KOTA YOGYAKARTA', 'KABUPATEN BANTUL', '\'082322353803', 'kristianingsihnatalia@gmail.com', 'UPT RUMAH SAKIT PRATAMA KOTA YOGYAKARTA', 'PNS', 1, 2, 1, NULL, NULL),
(510, '3471114-061820', 'NANDA ADI PRIHANDIYANI A.Md.Kes', 'KLATEN', '1999-06-17', 'wanita', 1, 'Jl. Pandean II No.22C, Candok, Condongcatur, Kec. Depok, Kabupaten Sleman, Daerah Istimewa Yogyakarta 55281', 'KABUPATEN KLATEN', '\'085701190344', 'Nandaadiprihandiyani017@gmail.com', 'Politekni kesehatan permata indonesia', NULL, 1, 2, 1, NULL, NULL),
(511, '3471114-062120', 'NOVI NUR FATHONAH A. Md. Kes', 'SRAGEN', '1999-11-17', 'wanita', 1, 'Jl.Ringroad Utara No 22C, Kel.Condongcatur, Kec.Depok, Kab.Sleman', 'KABUPATEN SRAGEN', '\'081326755417', 'novinurfathonah17@gmail.com', 'POLITEKNIK KESEHATAN PERMATA INDONESIA YOGYAKARTA', NULL, 1, 2, 1, NULL, NULL),
(512, '3471114-064120', 'NUR FAUZIL MUFIDDAH A.Md.', 'BOYOLALI', '1998-08-28', 'wanita', 1, 'X', 'KABUPATEN BOYOLALI', '\'085642182286', 'nurfauzilm@gmail.com', 'X', NULL, 1, 2, 1, NULL, NULL),
(513, '3471114-064720', 'NADYA ZAHROTUNNISA A.Md.Kes.', 'BANYUMAS', '1999-09-15', 'wanita', 1, 'Belum Bekerja', 'KABUPATEN BANYUMAS', '\'085156538710', 'nadyazahrotunnisa@gmail.com', 'Belum Bekerja', NULL, 1, 2, 3, '2021-03-31', NULL),
(514, '3471114-066120', 'NANDITA FEBRIYANA A.Md, Kes', 'BANTUL', '1999-02-02', 'wanita', 1, 'Jl. Ringroad utara no 22 C Gandok, CC, Depok, Sleman, DIY', 'KOTA YOGYAKARTA', '\'085540570711', 'Febriananandita@gmail.com', 'Poltekkes Permata Indonesia', NULL, 1, 2, 1, NULL, NULL),
(515, '3471114-073620', 'NOVI PUTRI HERIYATI Amd.Kes', 'KLATEN ', '1997-11-07', 'wanita', 1, 'Jl. K.H Ahmad Dahlan No 20, Ngupasan, Gondomanan, yogyakarta', 'KABUPATEN KLATEN', '\'081456066769', 'Noviputri946@gmail.com', 'Rs paku Muhammadiyah Yogyakarta', NULL, 1, 2, 1, NULL, NULL),
(516, '3471114-074620', 'NURHIDAYAH Amd. PK', 'SUKOHARJO', '1990-08-03', 'wanita', 1, 'Jl HOS Cokroaminoto no 17, Pakuncen, Wirobrajan Yogyakarta', 'KABUPATEN KULON PROGO', '\'085642163433', 'khuniho@gmail.com', 'Rs Asri Medical Centre', NULL, 1, 2, 1, NULL, NULL),
(517, '3471115-050020', 'OKKI WIKANTYA NURMADA A.Md.', 'YOGYAKARTA', '1990-10-21', 'pria', 1, 'Jl Prof dr Sardjito no 22', 'KABUPATEN BANTUL', '\'082138929509', 'okkiwnurmada@gmail.com', 'Puskesmas Gondokusuman II', NULL, 1, 2, 1, NULL, NULL),
(518, '3471116-010318', 'PUTRI DEWI ARYANI A.Md', 'MAGELANG', '1987-04-10', 'wanita', 1, 'Jl. Hibrida 194, Miliran, Umbulharjo', 'KABUPATEN BANTUL', '\'082242100481', 'putriadewiii@gmail.com', 'Puskesmas Umbulharjo II', 'PNS', 1, 2, 1, NULL, NULL),
(519, '3471116-029319', 'PRATIWI RAHMAWATI A.Md.RMIK', 'BANTUL', '1994-10-06', 'wanita', 1, 'JL KEMASAN NO 43 KOTAGEDE YOGYAKARTA', 'KOTA YOGYAKARTA', '\'08988529556', 'tiwirahmaa@gmail.com', 'RSKIA PKU MUHAMMADIYAH KOTAGEDE', 'Swasta', 1, 2, 1, NULL, NULL),
(520, '3471116-040819', 'PUTRI SUKMAWATI A.Md.RMIK', 'BANTUL', '1995-01-05', 'wanita', 1, 'JL. VETERAN 184 YOGYAKARTA', 'KABUPATEN BANTUL', '\'0895636441495', 'putriskmwti95@gmail.com', 'RSI HIDAYATULLAH ', NULL, 1, 2, 1, NULL, NULL),
(521, '3471116-064220', 'PUTRI ENDAH LAILI SA&#039;ADAH A.Md.', 'NGANJUK', '1998-12-07', 'wanita', 1, 'X', 'KABUPATEN NGANJUK', '\'085735261654', 'poetriendah07@gmail.com', 'X', NULL, 1, 2, 1, NULL, NULL),
(522, '3471118-010418', 'RIANA YULIASTUTI AMD.RMIK Amd.RMIK', 'KULON PROGO ', '1993-10-09', 'wanita', 1, 'JLN SERAYULARANGAN', 'KOTA YOGYAKARTA', '\'-', 'Anna.ria95@yahoo.co.id', 'PUSKESMAS', NULL, 1, 2, 1, NULL, NULL),
(523, '3471118-020819', 'RENALDO EKKY APRILIANT A.Md', 'WONOSOBO', '1992-04-01', 'pria', 1, 'JL. KH. AHMAD DAHLAN NO. 20', 'KABUPATEN WONOSOBO', '\'085743370392', 'renaldoekkyapriliant@gmail.com', 'RS PKU MUHAMMADIYAH YOGYAKARTA', 'Swasta', 1, 2, 1, NULL, NULL),
(524, '3471118-021819', 'RANNY AYU AVIANTI AMd.PerKes', 'YOGYAKARTA', '1990-07-31', 'wanita', 3, 'Jl. Jendral Sudirman no 70', 'KOTA YOGYAKARTA', '\'081578921136', 'rannyavianty@gmail.com', 'RS Bethesda Yogyakarta', 'Swasta', 1, 2, 1, NULL, NULL),
(525, '3471118-022119', 'RUTH HERAWATI AM.d.RMIK', 'YOGYAKARTA', '1983-04-28', 'wanita', 3, 'Jalan Hayam Wuruk No 6 Bausasran Danurejan', 'KOTA YOGYAKARTA', '\'082242236513', 'heraruth28@gmail.com', 'RS Bethesda Lempuyangwangi', NULL, 1, 2, 1, NULL, NULL),
(526, '3471118-022519', 'RAHWATI KUWAWI LESTARI AMdPerKes', 'WONOGIRI', '1975-12-24', 'wanita', 3, 'JL. JENDRAL SUDIRMAN NO 70 YOGYAKARTA', 'KABUPATEN SLEMAN', '\'081229861797', 'rahwatikwawilestari@gmail.com', 'RS BETHESDA YOGYAKARTA', 'Swasta', 1, 2, 1, NULL, NULL),
(527, '3471118-022619', 'ROSNA TIYANDITA A.Md.', 'KEBUMEN', '1994-09-22', 'wanita', 1, 'JL KH AHMAD DAHLAN NO 20 YOGYAKARTA', 'KABUPATEN BANTUL', '\'085799196223', 'r.tiyandita@gmail.com', 'PKU MUHAMMADIYAH YOGYAKARTA', 'Swasta', 1, 2, 1, NULL, NULL),
(528, '3471118-022819', 'RINA LISTYA NINGRUM AMd', 'BANTUL', '1994-03-05', 'wanita', 1, 'JL. KOLONEL SUGIYONO 98 YOGYAKARTA', 'KABUPATEN BANTUL', '\'081326699947', 'rinaningrums@gmail.com', 'UPT RUMAH SAKIT PRATAMA KOTA YOGYAKARTA', NULL, 1, 2, 1, NULL, NULL),
(529, '3471118-022919', 'RIYANA TYAS SAFITRI A.Md RMIK', 'YOGYAKARTA', '1987-06-01', 'wanita', 1, 'JL WIROSABAN NO 1 SOROSUTAN UMBULHARJO YOGYAKARTA', 'KABUPATEN SLEMAN', '\'081226188043', 'ryanakhim@gmail.com', 'RSUD KOTA YOGYAKARTA', 'BLU', 1, 2, 1, NULL, NULL),
(530, '3471118-024119', 'RENANTHA SILVI JEFRIANY A.Md.RMIK', 'BANTUL', '1996-03-28', 'wanita', 1, 'Jl. KH. Ahmad Dahlan No.20, Ngupasan, Gondomanan, Kota Yogyakarta, Daerah Istimewa Yogyakarta 55122', 'KOTA YOGYAKARTA', '\'087839200072', 'renanthasilvi@gmail.com', 'RS PKU MUHAMMADIYAH YOGYAKARTA', 'Swasta', 1, 2, 1, NULL, NULL),
(531, '3471118-024419', 'ROBERTUS YOGI SAPUTRO A.MD.RMIK', 'BANTUL', '1990-10-09', 'pria', 2, 'JL. CIK DI TIRO 30 YOGYAKARTA', 'KABUPATEN BANTUL', '\'089608039252', 'yogisaputro56@gmail.com', 'RS PANTIRAPIH YOGYAKARTA', 'Swasta', 1, 2, 1, NULL, NULL),
(532, '3471118-025819', 'RAHMAH NINDYAKINANTI A.Md', 'BANTUL', '1994-10-12', 'wanita', 1, 'JL VETERAN NO 43, MUJA MUJU, UMBULHARJO, KOTA YOGYAKARTA', 'KABUPATEN BANTUL', '\'085157676950', 'rnindyakinanti@gmail.com', 'PUSKESMAS UMBULHARJO I', 'PNS', 1, 2, 1, NULL, NULL),
(533, '3471118-027619', 'RADITYA WAHYU DEWANTO A.Md.', 'SLEMAN', '1995-07-03', 'pria', 1, 'Jl. Juadi No.19 Kotabaru, Gondokusuman, Kota Yogyakarta', 'KOTA YOGYAKARTA', '\'081328638998', 'WAHYURADITYA@YMAIL.COM', 'RS. TK. III 04.06.03 Dr. Soetarto', NULL, 1, 2, 1, NULL, NULL),
(534, '3471118-028319', 'RAMIRIA NUR ANGGRAINI A.Md RMIK', 'BANTUL', '1994-03-02', 'wanita', 1, 'Jl HOS Cokroaminoto No 17 Yogyakarta', 'KABUPATEN BANTUL', '\'085647776418', 'ramiria.nura@gmail.com', 'Klinik Utama Asri Medical Center', 'Swasta', 1, 2, 1, NULL, NULL),
(535, '3471118-028819', 'RESTYA WIDI ANENG DALU A.Md.RMIK', 'GUNUGKIDUL', '1995-07-01', 'wanita', 1, '-', 'KABUPATEN GUNUNG KIDUL', '\'085729603422', 'restyawidi@gmail.com', '-', NULL, 1, 2, 1, NULL, NULL),
(536, '3471118-029819', 'RETNO NURHIDAYATI A.Md.SKM', 'SLEMAN', '1982-06-01', 'wanita', 1, 'JL.WIROSABAN NO 1', 'KOTA YOGYAKARTA', '\'081328403289', 'retnonuha@gmail.com', 'RSUD KOTA YOGYAKARTA', 'PNS', 1, 2, 1, NULL, NULL),
(537, '3471118-030219', 'RINA TRIWIGATI A.md', 'PURWOREJO', '1994-05-23', 'wanita', 1, 'DESA  KEMBANGKUNING, NGOMBOL, PURWOREJO', 'KABUPATEN PURWOREJO', '\'081339078508', 'rinatriwigati@gmail.com', 'UPT PUSKESMAS NGOMBOL', 'PNS', 1, 2, 1, NULL, NULL),
(538, '3471118-030519', 'RIAS AYU KUSUMA PERTIWI', 'PEMALANG', '1994-05-10', 'wanita', 1, 'JL WAHID HASYIM NO 47 NOTOPRAJAN NGAMPILAN', 'KABUPATEN BANTUL', '\'082325902849', 'riasayu.kp@gmail.com', 'RSKIA RACHMI YOGYAKARTA', 'Swasta', 1, 2, 1, NULL, NULL),
(539, '3471118-035819', 'RINTIS LAKSMI NUGRAHANING GUSTI AMD.RMIK', 'BANYIMAS', '1996-11-17', 'wanita', 1, 'Jln AHMAD YANI NO 33 PURWOKERTO', 'KABUPATEN BANYUMAS', '\'-', 'rintislaksmi23@gmail.com', 'BALAI KESEHATAN PARU MASYARAKAT', NULL, 1, 2, 1, NULL, NULL),
(540, '3471118-039519', 'RISTA DWI WULANDARI Amd.RMIK', 'BANTUL', '1994-04-23', 'wanita', 1, 'JL CIK DITIRO NO 5, YOGYAKARTA', 'KABUPATEN BANTUL', '\'089531540910', 'ristawulandari53@gmail.com', 'RS MATA DR YAP YOGYAKARTA', NULL, 1, 2, 1, NULL, NULL),
(541, '3471118-042719', 'RENNI PUJI ASTUTI A.Md.RMIK', 'KABUPATEN BANTUL', '1996-02-29', 'wanita', 1, 'Jl Parangtritis km 16 ketandan patalan jetis bantul', 'KABUPATEN BANTUL', '\'081804050640', 'rennipastuti@gmail.com', 'RSU RACHMA HUSADA', NULL, 1, 2, 1, NULL, NULL),
(542, '3471118-043719', 'RUMTIANING INDRA RAHAYU A.Md.RMIK', 'PACITAN', '1993-04-02', 'wanita', 1, 'Jl. Wiratama No. 4 Tegalrejo Yogyakarta', 'KABUPATEN PACITAN', '\'085231208949', 'indrar909@gmail.com', 'RS LUDIRA HUSADA TAMA', 'Swasta', 1, 2, 1, NULL, NULL),
(543, '3471118-045219', 'RINI DWI ASTUTI A.Md.', 'KLATEN', '1995-12-19', 'wanita', 1, 'JL. Gondomanan No.9, Prawirodirjan, Gondomanan, Kota Yogyakarta', 'KABUPATEN KLATEN', '\'085862226344', 'rinidwia19@gmail.com', 'UPT Puskesmas Gondomanan', 'PNS', 1, 2, 1, NULL, NULL),
(544, '3471118-048020', 'RAHMI FITRIYANI A.Md', 'SERANG', '1996-02-28', 'wanita', 1, 'PCI BLOK D 52', 'KOTA CILEGON', '\'087871187444', 'Rahmifitriyani651@gmail.com', 'UPTD Puskesmas DTP Cibeber', 'PNS', 1, 2, 1, NULL, NULL),
(545, '3471118-048120', 'RAY ARIYANDI WIRATAMA Amd.RMIK', 'SAMPIT', '1991-08-12', 'pria', 1, 'jln h.m arsyad', 'KABUPATEN KOTAWARINGIN TIMUR', '\'', 'raywiratamarmik@gmail.com', 'rsud dr.murjani sampit', NULL, 1, 2, 1, NULL, NULL),
(546, '3471118-049320', 'RIYANA TYAS SAFITRI A.Md. RMIK', 'YOGYAKARTA', '1987-06-01', 'wanita', 1, 'JL. WIROSABAN NO 1 YOGYAKARTA 55162', 'KABUPATEN SLEMAN', '\'081226188043', 'ryanakhim@gmail.com', 'RUMAH SAKIT UMUM DAERAH KOTA YOGYAKARTA', NULL, 1, 2, 1, NULL, NULL),
(547, '3471118-057720', 'RENI DAMAYANTI A.Md.Kes', 'BANTUL ', '1996-03-19', 'wanita', 1, 'jl Hos Cokroaminoto wirobrajan 17 a yogyakarta', 'KOTA YOGYAKARTA', '\'087722211494', 'renidamayanti453@gmail.com', 'RSGM UMY', NULL, 1, 2, 1, NULL, NULL),
(548, '3471118-061520', 'RAHMAT SUCIPTO ADI JOYO A.Md.kes', 'DESA GUNUNG KEMBANG', '1999-07-07', 'pria', 1, 'Jalan ring road utara 22c gondok, condongcatur', 'KABUPATEN BENGKULU SELATAN', '\'081329861571', 'rahmatsuciptoadijoyo@gmail.com', 'Politeknik Kesehatan permata Indonesia Yogyakarta', 'Swasta', 1, 2, 1, NULL, NULL),
(549, '3471118-062420', 'RUSTIANAWATI A.Md.Kes', 'KLATEN', '1999-03-31', 'wanita', 1, 'Jl. Pandean II No.22C, Candok, Condongcatur, Kec. Depok, Kabupaten Sleman, Daerah Istimewa Yogyakarta 55281', 'KABUPATEN KLATEN', '\'085741208167', 'rustyana83@gmail.com', 'KAMPUS POLTEKKES PERMATA INDONESIA', NULL, 1, 2, 1, NULL, NULL),
(550, '3471118-063620', 'REFIA RESTU FITRIANINGRUM A.Md.Kes', 'KLATEN', '1999-01-27', 'wanita', 1, 'Jl. Ringroad Utara No. 22 C Gandok, Condongcatur, Sleman', 'KABUPATEN KLATEN', '\'085640282966', 'refia.restu27@gmail.com', 'POLITEKNIK KESEHATAN PERMATA INDONESIA', NULL, 1, 2, 1, NULL, NULL),
(551, '3471118-064820', 'RAHMADINA KHASANAH A.Md.Kes.', 'YOGYAKARTA', '1999-12-16', 'wanita', 1, NULL, 'KOTA YOGYAKARTA', '\'08978524535', 'rahmadinakhasanah16@gmail.com', 'BELUM BEKERJA', NULL, 1, 2, 1, NULL, NULL),
(552, '3471118-067420', 'RINA YUNITASARI Amd', 'BANTUL', '1990-06-16', 'wanita', 3, 'JL. JENDRAL SUDIRMAN 70 YOGYAKARTA', 'KABUPATEN BANTUL', '\'081329355058', 'rinayunitasari16@gmail.com', 'RS BETHESDA YOGYAKARTA', NULL, 1, 2, 1, NULL, NULL),
(553, '3471118-071220', 'RAFIKA NUR AZIZAH A.Md', 'PROBOLINGGO', '1998-07-08', 'wanita', 1, 'JL. TEUKU CIK DITIRO NO. 5 YOGYAKARTA', 'KABUPATEN PROBOLINGGO', '\'082223400054', 'rafikanur082@gmail.com', 'RS MATA &amp;quot;DR.YAP&amp;quot; YOGYAKARTA', NULL, 1, 2, 1, NULL, NULL),
(554, '3471118-073320', 'RANY SEPTI HUTAMI A.Md.RMIK', 'KARANGANYAR', '1992-09-18', 'wanita', 3, 'JL. CIK DI TIRO NO 30', 'KABUPATEN KULON PROGO', '\'081392965600', 'rrany.cantik@gmail.com', 'RS PANTI RAPIH', NULL, 1, 2, 1, NULL, NULL),
(555, '3471118-074220', 'RATNANING TRI UTAMI A.Md.RMIK', 'SLEMAN', '1981-08-17', 'wanita', 3, 'Jalan Jendral Sudirman No. 70 Yoggyakarta', 'KABUPATEN SLEMAN', '\'08122744156', 'ratnaningtriutami@gmail.com', 'Rumah Sakit Bethesda Yogyakarta', NULL, 1, 2, 1, NULL, NULL),
(556, '3471119-003417', 'SURYO NUGROHO MARKUS amd.PK', 'SLEMAN', '1976-04-26', 'pria', 2, 'JL.CIK DI TIRO 30 YOGYAKARTA', 'KABUPATEN SLEMAN', '\'08156806896', 'yoyokgodean@gmail.com', 'RUMAH SAKIT PANTI RAPIH', 'Swasta', 1, 2, 3, '2021-04-03', NULL),
(557, '3471119-013718', 'SAVITRI CITRA BUDI SKM., MPH', 'YOGYAKARTA', '1981-11-20', 'wanita', 1, 'SEKIP UNIT 1 BULAKSUMUR YOGYAKARTA', 'KABUPATEN BANTUL', '\'0818464401', 'savitri@ugm.ac.id', 'UNIVERSITAS GADJAH MADA, SEKOLAH VOKASI, PROGRAM STUDI REKAM MEDIS DAN INFORMASI KESEHATAN', 'BUMN', 1, 2, 1, NULL, NULL),
(558, '3471119-021419', 'SYARIF LUMBAN TORUAN A.Md Perkes', 'BANJARBARU', '1989-03-28', 'pria', 3, NULL, 'KOTA PEKANBARU', '\'08562555894', 'syarif.lumbant@gmail.com', 'pormiki riau', NULL, 1, 2, 1, NULL, NULL),
(559, '3471119-021719', 'SAKTI ERMANINGTYAS A.MD', 'BANTUL', '1985-10-02', 'wanita', 1, 'JL KH AHMAD DAHLAN NO 20 YOGYAKARTA', 'KABUPATEN BANTUL', '\'087838191113', 'Saktierma27@gmail.com', 'RS PKU MUHAMMADIYAH YOGYAKARTA', NULL, 1, 2, 1, NULL, NULL),
(560, '3471119-023419', 'SARTIKA AMBARWATI A.Md,RMIK', 'BANTUL', '1992-05-30', 'wanita', 1, 'JL. WIRATAMA NO 4 TEGALREJO YOGYAKARTA', 'KABUPATEN BANTUL', '\'082242210400', 'sartikaambar925@gmail.com', 'RS LUDIRA HUSADA TAMA', NULL, 1, 2, 1, NULL, NULL),
(561, '3471119-023519', 'SETIAJI KRISNA PAMUNGKAS A.Md.RMIK.', 'JAKARTA', '1993-08-26', 'pria', 3, 'Jl. Jenderal Sudirman No 70 Kotabaru Gondokusuman', 'KABUPATEN SLEMAN', '\'085878998406', 'mika.kaminaga@gmail.com', 'RS Bethesda Yogyakarta', NULL, 1, 2, 1, NULL, NULL),
(562, '3471119-025219', 'SARTIKA AMBARWATI A.Md,RMIK', 'BANTUL', '1992-05-30', 'wanita', 1, 'JL. Wiratama no 4 tegalrejo yogyakarta', 'KABUPATEN BANTUL', '\'082242210400', 'sartikaambar925@gmail.com', 'RS ludira husada tama', 'Swasta', 1, 2, 1, NULL, NULL),
(563, '3471119-027819', 'SHEPFRY SUSWANTI A.Md. Kes.', 'GUNUNGKIDUL', '1997-09-27', 'wanita', 1, 'Jl. Ngeksigondo N0.56 Kotagede Yogyakarta 55172', 'KABUPATEN GUNUNG KIDUL', '\'083867301145', 'shepfry@gmail.com', 'RSKIA PERMATA BUNDA', 'Swasta', 1, 2, 1, NULL, NULL),
(564, '3471119-031819', 'SHINTA SULISTYA NINGRUM A.Md', 'JAKARTA', '1982-12-03', 'wanita', 1, 'JL.MUNIR 215 NG 2 SERANGAN NGAMPILAN', 'KABUPATEN SLEMAN', '\'082247020906', 'shint4.ssn@gmail.com', 'PUSKESMAS NGAMPILAN', 'PNS', 1, 2, 1, NULL, NULL),
(565, '3471119-031919', 'SHYFANY KRISMARESTUTI A.Md', 'PURWOREJO', '1997-06-19', 'wanita', 1, 'Jalan Ipda Tut Harsono 53 Muja Muju', 'KABUPATEN PURWOREJO', '\'082133048232', 'shyfanykrismarestuti@gmail.com', 'RS HAPPY LAND MEDICAL CENTER', 'Swasta', 1, 2, 1, NULL, NULL),
(566, '3471119-032819', 'SYARAH MAZAYA FITRIANA A. Md., SKM', 'BANJARNEGARA', '1993-03-26', 'wanita', 1, 'JL KEMASAN NO 12 PRENGGAN KOTAGEDE YOGYAKARTA', 'KABUPATEN BANJARNEGARA', '\'085747555997', 'syarah.m.f@gmail.com', 'PUSEKSMAS KOTAGEDE I', 'BLU', 1, 2, 1, NULL, NULL),
(567, '3471119-033519', 'SHOHFI MUKARROMAH A. Md', 'KLATEN', '1995-04-10', 'wanita', 1, 'JLN. KOLONEL SUGIYONO NO 98, MERGANGSAN, YOGYAKARTA', 'KOTA YOGYAKARTA', '\'089649221202', 'SHOFYMU@GMAIL.COM', 'UPT RUMAH SAKIT PRATAMA KOTA YOGYAKARTA', 'Swasta', 1, 2, 1, NULL, NULL),
(568, '3471119-033919', 'SULISTYOWATI A.Md. RMIK', 'KLATEN', '1995-01-29', 'wanita', 1, 'JL. HOS COKROAMINOTO NO 17 WIROBRAJAN YOGYAKARTA', 'KABUPATEN KLATEN', '\'089694878743', 'sulistyowati0195@gmail.com', 'KLINIK UTAMA ASRI MEDICAL CENTER YOGYAKARTA', 'Swasta', 1, 2, 1, NULL, NULL),
(569, '3471119-034519', 'SITI FATIMAH A.Md.Kes', 'YOGYAKARTA ', '1991-11-01', 'wanita', 1, 'JL DI PANJAITAN NO 25 ', 'KOTA YOGYAKARTA', '\'085868097439', 'sifa.comic@gmail.com', 'KLINIK GADING ', NULL, 1, 2, 1, NULL, NULL),
(570, '3471119-035319', 'SULISTYOWATI A.Md.RMIK', 'KLATEN', '1995-01-29', 'wanita', 1, 'JL HOS COKROAMINOTO NO 17 WIROBRAJAN YOGYAKARTA', 'KABUPATEN KLATEN', '\'085292307464', 'sulistyowati0195@gmail.com', 'KLINIK UTAMA ASRI MEDICAL CENTER YOGYAKARTA', NULL, 1, 2, 1, NULL, NULL),
(571, '3471119-036919', 'SRI HARWANTO AMD, AK', 'GROBOGAN', '1978-04-24', 'pria', 1, 'JL. KH AHMAD DAHLAN NO 20', 'KOTA YOGYAKARTA', '\'081578578533', 'sriharwanto87@gmail.com', 'RS PKU MUHAMMADIYAH YOGYAKARTA', NULL, 1, 2, 1, NULL, NULL),
(572, '3471119-049420', 'SINTA KRISANTI Amd. RMIK', 'YOGYAKARTA', '1993-06-04', 'wanita', 3, 'JL CIK DI TIRO NO 30', 'KOTA YOGYAKARTA', '\'082136118880', 'sinta.krisanti@gmail.com', 'RS PANTI RAPIH', 'Swasta', 1, 2, 1, NULL, NULL),
(573, '3471119-060720', 'SETO HARYANTO A.Md.PK', 'BOYOLALI', '1990-01-13', 'pria', 1, 'Jl.kemasan no.12 Kotagede Yogyakarta', 'KABUPATEN BOYOLALI', '\'085642149562', 'setoharyanto77@gmail.com', 'Puskesmas Kotagede 1 kota Yogyakarta', 'PNS', 1, 2, 1, NULL, NULL),
(574, '3471119-064320', 'SOVY ANDIKA PUTRI A.Md', 'BLORA', '1999-09-15', 'wanita', 1, '-', 'KABUPATEN BLORA', '\'081215909524', 'sovyandika15@gmail.com', '-', NULL, 1, 2, 1, NULL, NULL),
(575, '3471119-068720', 'SHINTA INTAN NURAIDA A.Md', 'BANTUL', '1994-06-08', 'wanita', 1, 'Jl. Prof. dr. Sardjito No 5 Cokrodiningratan Jetis Yogyakarta', 'KABUPATEN BANTUL', '\'081904226162', 'shintaintan08@gmail.com', 'Bapel Jamkessos DIY', 'PTT', 1, 2, 1, NULL, NULL),
(576, '3471119-071320', 'SULITO APRIANONO XIMENES Amd,Kes', 'DILI', '1996-04-24', 'pria', 2, 'Jln cik di tidro No 30 samirono terban gondokuduman kota yogyakarta', 'KABUPATEN MAGELANG', '\'081913639313', 'litoapriano@gmail.com', 'Rs panti Rapih', NULL, 1, 2, 1, NULL, NULL),
(577, '3471119-071420', 'SARPIN NUR SLAMET A.Md', 'YOGYAKARTA', '1987-07-03', 'wanita', 1, 'JL WIROSABAN NO 1 YOGYAKARTA', 'KOTA YOGYAKARTA', '\'085720004014', 'sarpin.nur@gmail.com', 'RSUD KOTA YOGYAKARTA', NULL, 1, 2, 1, NULL, NULL),
(578, '3471119-071620', 'SAFAATUN WIDIASTUTI A.Md', 'SLEMAN', '1983-04-08', 'wanita', 1, 'JL WIROSABAN NO 1 YOGYAKARTA', 'KABUPATEN SLEMAN', '\'0852 2809 9943', 'safaatunwidiastuti1983@gmail.com', 'RSUD KOTA YOGYAKARTA', 'Swasta', 1, 2, 1, NULL, NULL),
(579, '3471119-072320', 'SABRINA AYU WULANDARI A.Md.Kes.', 'KARANGANYAR', '1998-06-21', 'wanita', 2, 'JL CIK DI TIRO NO 30 YOGYAKARTA', 'KABUPATEN KARANGANYAR', '\'085878724374', 'sabrina.ayu89@gmail.com', 'RUMAH SAKIT PANTI RAPIH', NULL, 1, 2, 1, NULL, NULL),
(580, '3471120-020219', 'TARUDIN ST', 'CIREBON', '1983-09-16', 'pria', 1, 'JL P DIPONEGORO 91', 'KOTA YOGYAKARTA', '\'081578592919', 'tarudinachmad@gmail.com', 'PUSKESMAS JETIS', 'PNS', 1, 2, 1, NULL, NULL),
(581, '3471120-020719', 'TAUFIKI SURYA DIMARTO A.Md', 'JAYAPURA', '1984-11-06', 'pria', 1, 'JL. PRINGGOKUSUMAN NO 30 PRINGGOKUSUMAN GEDONGTENGEN KOTA YOGYAKARTA', 'KOTA YOGYAKARTA', '\'085648349064', 'ftdimas@gmail.com', 'PUSKESMAS GEDONGTENGEN KOTA YOGYAKARTA', 'PNS', 1, 2, 1, NULL, NULL),
(582, '3471120-023619', 'TITIS NASTITI AMd', 'METRO', '1989-02-28', 'wanita', 1, 'JL WIROSABAN NO 1 SOROSUTAN UMBULHARJO ', 'KOTA YOGYAKARTA', '\'085643405434', 'TITISNASTITI1989@GMAIL.COM', 'RSUD KOTA YOGYAKARTA', 'PNS', 1, 2, 1, NULL, NULL),
(583, '3471120-024919', 'TESALONIKA TYASSARI A.Md', 'MAGELANG', '1994-08-23', 'wanita', 2, 'Jl.cik Ditiro no 30 yogyakarta', 'KABUPATEN MAGELANG', '\'085643526736', 'Tyassari.tesalonika@gmail.com', 'Rs Panti Rapih', NULL, 1, 2, 1, NULL, NULL),
(584, '3471120-039919', 'TRI WAHYUNI A.Md', 'TANJUNG ENIM', '1994-07-30', 'wanita', 1, 'JL VETERAN 184 YOGYAKARTA', 'KOTA YOGYAKARTA', '\'081575029477', 'wahyunyuni3@gmail.com', 'RS ISLAM HIDAYATULLAH', 'Swasta', 1, 2, 1, NULL, NULL),
(585, '3471120-057620', 'TRI METI NOVITA SARI A.Md. Kes', 'GUNUNG KIDUL', '1997-09-19', 'wanita', 3, 'JL. JENDRAL SUDIRMAN 70 ', 'KOTA YOGYAKARTA', '\'085800663897', 'trimeti97@gmail.com', 'RUMAH SAKIT BETHESDA', 'Swasta', 1, 2, 1, NULL, NULL),
(586, '3471120-063020', 'TESALONIKA TYASSARI A.Md', 'MAGELANG', '1994-08-23', 'wanita', 2, 'Jl. Cik Di Tiro No.30, Samirono, Terban, Kec. Gondokusuman', 'KABUPATEN MAGELANG', '\'085643526736', 'Tyassari.tesalonika@gmail.com', 'Rumah Sakit Panti Rapih', 'Swasta', 1, 2, 1, NULL, NULL),
(587, '3471120-070920', 'TH RETNO AVILANINGSIH A.Md', 'KLATEN', '1981-10-05', 'wanita', 2, 'jl cik di tiro 30 yogyakarta', 'KABUPATEN KLATEN', '\'082138945657', 'vilasantoso@gmail.com', 'RS Panti Rapih Yoguakarta', NULL, 1, 2, 1, NULL, NULL),
(588, '3471120-071920', 'Amd TIRZA AQXELIA CHRISTY RMIK', 'YOGYAKARTA', '1996-06-06', 'wanita', 3, 'Jl. Cik Ditiro 30 Yogyakarta', 'KOTA YOGYAKARTA', '\'089682607758', 'aqxeliatirza@gmail.com', 'RS PANTI RAPIH YOGYAKARTA', 'Swasta', 1, 2, 1, NULL, NULL),
(589, '3471120-073120', 'TIARA DITRI SWASTIKA KRISTI Amd. RMIK', 'SLEMAN', '1992-11-07', 'wanita', 2, 'JL CIK DI TIRO NO 30 YOGYAKARTA', 'KOTA YOGYAKARTA', '\'081779400233', 'tiaraditri1@gmail.com', 'RUMAH SAKIT PANTI RAPIH', NULL, 1, 2, 1, NULL, NULL),
(590, '3471121-025519', 'UTAMI WINDRATI REZEKI A.Md., Kes', 'WONOGIRI', '1996-04-05', 'wanita', 1, 'Jl. Jend. Sudirman 70 Yogyakarta', 'KOTA YOGYAKARTA', '\'', 'tamiwindrati1@gmail.com', 'RS BETHESDA ', 'Swasta', 1, 2, 1, NULL, NULL),
(591, '3471121-057220', 'ULFA SALASA A.md Per.Kes', 'KUPAL', '1986-02-19', 'wanita', 1, 'Jln. ADE IRMA NASUTION NO.2 KEL. GAMALAMA KEC. TERNATE TENGAH', 'KOTA TERNATE', '\'081270036286', 'ulfasalasa24@gmail.com', 'RUMAH SAKIT Tk. IV 16.07.01 TERNATE', NULL, 1, 2, 1, NULL, NULL),
(592, '3471121-058620', 'UMMI HARJUITANA A.Md.', 'BANTUL', '1997-07-23', 'wanita', 1, 'JL JAYENG PRAWIRAN NO. 13 PAKUALAMAN KOTA YOGYAKARTA', 'KABUPATEN BANTUL', '\'0895366033161', 'harjuitana15@gmail.com', 'UPT PUSKESMAS PAKUALAMAN', 'PNS', 1, 2, 1, NULL, NULL),
(593, '3471121-062220', 'UMI CHOIRI DALILLAH A.Md. Kes', 'KARANG MULIA', '1999-11-28', 'wanita', 1, 'JL.Ringroad Utara No.22C Gandok Condongcatur Depok Sleman', 'KOTA PALEMBANG', '\'085642725829', 'umidalillah@gmail.com', 'POLITEKNIK KESEHATAN PERMATA INDONESIA YOGYAKARTA', NULL, 1, 2, 1, NULL, NULL),
(594, '3471122-031619', 'VIKA PUSPITA SEPTARANI A.Md.RMIK.', 'SLEMAN', '1993-09-08', 'wanita', 3, 'Jl. Jend. Sudirman no.70', 'KOTA YOGYAKARTA', '\'081903983607', 'septarani8993@gmail.com', 'RS Bethesda Yogyakarta', 'Swasta', 1, 2, 1, NULL, NULL),
(595, '3471122-037119', 'VEGA AJENG KUSUMO', 'SURAKARTA', '1987-04-21', 'wanita', 1, 'Jl.pemuda  no.30', 'KOTA SEMARANG', '\'081904444854', 'veajeng@gmail.com', 'RS Ananda', NULL, 1, 2, 1, NULL, NULL),
(596, '3471123-001020', 'WAHYU FAJAR NUR HIDAYAT A.Md Kes', 'KLATEN', '1995-04-07', 'pria', 1, 'JL. JUADI NO 19 KOTABARU GONDOKUSUMAN', 'KABUPATEN KLATEN', '\'08564751977', 'wahyu.wfnh41@gmail.com', 'RS TK III 04.06.03 DR SOETARTO YOGYAKARTA', NULL, 1, 2, 1, NULL, NULL),
(597, '3471123-018118', 'WAHYU WIDJAJANTI RAHAJU Amd,PerKes.,SKM', 'SALATIGA', '1978-10-21', 'wanita', 2, 'Jl Cik Ditiro 30 ', 'KABUPATEN SLEMAN', '\'087838991155', 'wahyuwijajanti@gmail.com', 'RS Panti Rapih', 'Swasta', 1, 2, 1, NULL, NULL),
(598, '3471123-022419', 'WIDHA KRISMAWATIK A.Md. RMIK', 'SURAKARTA', '1990-11-08', 'wanita', 3, 'JL CIK DITIRO 30', 'KABUPATEN SUKOHARJO', '\'081295910732', 'widha.risma@gmail.com', 'RS PANTI RAPIH YOGYAKARTA', NULL, 1, 2, 1, NULL, NULL),
(599, '3471123-072520', 'WIJI WAHYUNINGSIH ,A.Md.RMIK', 'KULON PROGO', '1992-05-21', 'wanita', 1, 'JL.PRINGGOKUSUMAN NO.30, PRINGGOKUSUMAN, GEDONGTENGEN, KOTA YOGYAKARTA', 'KABUPATEN KULON PROGO', '\'081326912908', 'wijiwahyuningsih2105@gmail.com', 'PUSKESMAS GEDONGTENGEN', 'PNS', 1, 2, 1, NULL, NULL),
(600, '3471123-074020', 'WAHYU FITRI UTAMI AMd', 'KULON PROGO', '1991-04-02', 'wanita', 1, 'Jl Wirosaban No 1 Yogyakarta', 'KABUPATEN KULON PROGO', '\'085743459174', 'wahyufitri484@gmail.com', 'RSUD Kota Yogyakarta', NULL, 1, 2, 1, NULL, NULL),
(601, '3471123-074720', 'WACHID ROCHIM A.Md.RMIK', 'SLEMAN', '1995-08-20', 'pria', 1, 'JALAN KI AGENG PEMANAHAN NO 1 SOROSUTAN UMBULHARJO KOTA YOGYAKARTA DAERAH ISTIMEWA YOGYAKARTA', 'KABUPATEN SLEMAN', '\'085643002768', 'mas.wachit20@gmail.com', 'RUMAH SAKIT UMUM DAERAH KOTA YOGYAKARTA', 'PNS', 1, 2, 1, NULL, NULL),
(602, '3471123-076620', 'WIWID HANDAYANI A.Md.RMIK', 'BANTUL', '1994-06-26', 'wanita', 1, 'TIDAK BERKERJA', 'KABUPATEN SLEMAN', '\'081289386294', 'wiwidhandayani05@gmail.com', 'TIDAK BERKERJA', 'Swasta', 1, 2, 1, NULL, NULL),
(603, '3471125-020319', 'YENI DIANA AMD.RMIK', 'PALEMBANG', '1992-08-15', 'wanita', 1, NULL, 'KABUPATEN KARAWANG', '\'085737402535', 'yenidiana04@gmail.com', 'RS Bethesda yogyakarta', NULL, 1, 2, 1, NULL, NULL),
(604, '3471125-030119', 'YANUAR KARUNIA DEWI A.Md.,SKM', 'BANJARNEGARA', '1993-01-23', 'wanita', 1, 'JL. WIROSABAN NO 1 SOROSUTAN UMBULHARJO YOGYAKARTA', 'KABUPATEN BANJARNEGARA', '\'085870302035', 'yanuark.dewi@gmail.com', 'RSUD KOTA YOGYAKARTA', 'BLU', 1, 2, 1, NULL, NULL),
(605, '3471125-059420', 'YULIANA IKA DWI RAHAYU A.md.Rmik', 'BANTUL', '1995-02-25', 'wanita', 2, 'Jln jendral sudirman no 70 yogyakarta', 'KOTA YOGYAKARTA', '\'-', 'Yulianaikaaa95@gmail.com', 'Rumah sakit bethesda yogyakarta', 'Swasta', 1, 2, 1, NULL, NULL),
(606, '3471125-069320', 'YOGO WIDODO A.Md.Kes', 'BANTUL', '1991-04-03', 'pria', 1, 'JL KHA DAHLAN NO 20 NGUPASAN GONDOMANAN YOGYAKARTA', 'KABUPATEN BANTUL', '\'083867372224', '1317066yogowidodo@gmail.com', 'RS PKU MUHAMMADIYAH YOGYAKARTA', 'Swasta', 1, 2, 1, NULL, NULL),
(607, '3471125-070020', 'YULIUS WIDHI ARTANTO AMd.RMIK', 'SLEMAN', '1991-07-30', 'pria', 2, 'JL. DI PANJAITAN NO 25 Yogyakarta', 'KABUPATEN SLEMAN', '\'087839356013', 'lius2017yk@gmail.com', 'KLINIK GADING', NULL, 1, 2, 1, NULL, NULL),
(608, '3471125-071520', 'YULIYANA RAHMAWATI A.Md. RMIK', 'KARANGANYAR', '1994-07-13', 'wanita', 1, 'Bausasran DN 3/819 Danurejan ', 'KABUPATEN KARANGANYAR', '\'081291453260', 'yuliana.rahmawati94@gmail.com', 'Puskesmas Danurejan 1 Yogyakarta', 'PNS', 1, 2, 1, NULL, NULL),
(609, '3471125-072820', 'YAYUK OKTAVIYANTI AmdPerKes', 'SEMARANG', '1980-10-16', 'wanita', 1, 'Jl Jenderal Sudirman No.70 Yogyakarta', 'KABUPATEN SLEMAN', '\'083840575425', 'yayukokta160@gmail.com', 'RS Bethesda Yogyakarta', 'Swasta', 1, 2, 1, NULL, NULL),
(610, '3471125-076420', 'YASINTA KURNIASARI A.Md.RMIK', 'SLEMAN', '1994-07-18', 'wanita', 2, 'JL CIK DITIRO 30 YOGYAKARTA', 'KABUPATEN SLEMAN', '\'089671473971', 'yasinta94@gmail.com', 'RUMAH SAKIT PANTI RAPIH', NULL, 1, 2, 1, NULL, NULL),
(611, '3471126-056520', 'ZENA TIFFANI A.Md', 'YOGYAKARTA ', '1997-03-16', 'wanita', 1, 'JL.JUWADI NO . 19 KOTABARU YOGYAKARTA ', 'KABUPATEN SLEMAN', '\'089644699576', 'ZENATIFFANI20@GMAIL.COM', 'RS TK III DR SOETARTO YOGYAKARTA ', NULL, 1, 2, 1, NULL, NULL),
(612, '3403-048320', 'NUR FITRIA DWI RAHMAWATI A.Md PerKes', 'GUNUNGKIDUL', '1989-04-11', 'wanita', 1, 'JL PRAMBANAN PIYUNGAN KM 7 PRAMBANAN SLEMAN', 'KABUPATEN GUNUNG KIDUL', '\'085228105328', 'jokerahma@gmail.com', 'RSUD PRAMBANAN', 'BLU', 5, 2, 1, NULL, NULL),
(613, '3403101-000520', 'AGUNG TRIATMOJO A.Md.RMIK', 'GUNUNGKIDUL', '1991-03-05', 'pria', 3, 'JL.TAMAN BHAKTI NO.6 WONOSARI GUNUNGKIDUL', 'KABUPATEN GUNUNG KIDUL', '\'082134878135', 'agungtriatmojo06@gmail.com', 'RSUD WONOSARI', NULL, 5, 2, 1, NULL, NULL),
(614, '3403101-028219', 'ANISA AULIA A.Md. Kes', 'GUNUNGKIDUL', '1997-04-27', 'wanita', 1, 'JL RAYA SEMANU KM 3, SAMBIREJO SEMANU GUUNGKIDUL', 'KABUPATEN GUNUNG KIDUL', '\'', 'anisaaulianlb@gmail.com', 'RUMAH SAKIT UMUM PELITA HUSADA', NULL, 5, 2, 3, '2021-04-03', NULL),
(615, '3403101-052220', 'ANDRIANA KURNIAWATI A.Md', 'GUNUNGKIDUL', '1992-01-30', 'wanita', 1, 'JL. WONOSARI-PONJONG KM 7 KELOR KARANGMOJO GUNUNGKIDUL', 'KABUPATEN GUNUNG KIDUL', '\'085643550107', 'andrianakurniawati66@gmail.com', 'RS PANTI RAHAYU', 'Swasta', 5, 2, 1, NULL, NULL),
(616, '3403102-053220', 'BELLA PRISTIWI DARAJATI A.Md', 'GUNUNGKIDUL', '1993-03-05', 'wanita', 1, 'Jl. Taman Bakti No.6, Wonosari', 'KABUPATEN GUNUNG KIDUL', '\'085725735342', 'bellapristiwid@gmail.com', 'RSUD WONOSARI', NULL, 5, 2, 1, NULL, NULL),
(617, '3403103-047020', 'CRISTIAN DWIKIYODYA ARTONSENA A.Md.Kes', 'YOGYAKARTA', '1997-12-28', 'pria', 2, 'Jl. Wonosari Ponjong KM. 7, Karangmojo, Kelor, Kec. Karangmojo, Kabupaten Gunung Kidul, Daerah Istimewa Yogyakarta 55891', 'KOTA YOGYAKARTA', '\'081391971540', 'CRISTIAN.ARTONSENA@GMAIL.COM', 'RS PANTI RAHAYU', 'Swasta', 5, 2, 1, NULL, NULL),
(618, '3403103-051920', 'CHRISTINA DYAH SULISTYOWATI A.Md PerKes', 'GUNUNGKIDUL', '1989-08-28', 'wanita', 2, 'JL. WONOSARI PONJONG KM 7 KELOR KARANGMOJO GK', 'KABUPATEN GUNUNG KIDUL', '\'087839524192', 'dyahsweets@gmail.com', 'RS PANTI RAHAYU', 'Swasta', 5, 2, 3, '2021-04-03', NULL),
(619, '3403104-014718', 'DRESTHI NISITA SARI A.Md', 'GUNUNGKIDUL', '1994-01-30', 'wanita', 1, 'JL. PRAMUKA NO. 30 KOMPLEKS BALAI DESA WONOSARI GUNUNGKIDUL YOGYAKARTA ', 'KABUPATEN GUNUNG KIDUL', '\'087839962232', 'prihatamaaristya@gmail.com', 'UPT PUSKESMAS WONOSARI II', 'Swasta', 5, 2, 1, NULL, NULL),
(620, '3403104-030819', 'DITA RATNA SARI A.Md', 'GUNUNGKIDUL', '1995-03-29', 'wanita', 1, 'JALAN KI DEMANG WONOPAWIRO, KEMOROSARI 2, PIYAMAN, WONOSARI', 'KABUPATEN GUNUNG KIDUL', '\'083878888805', 'ditaratna.s@gmail.com', 'RS PKU MUHAMMADIYAH WONOSARI', 'Swasta', 5, 2, 1, NULL, NULL),
(621, '3403104-054420', 'DISTI ARIANA A. Md. Kes.', 'GUNUNGKIDUL', '1996-12-10', 'wanita', 1, 'JL. TAMAN BAKTI NO. 6 WONOSARI', 'KABUPATEN GUNUNG KIDUL', '\'089612148647', 'arianadisti@gmail.com', 'RSUD WONOSARI', NULL, 5, 2, 3, '2021-04-03', NULL),
(622, '3403104-054820', 'DESY MEGAWATI A.Md RMIK', 'KARANGANYAR', '1994-12-12', 'wanita', 1, 'JLN.TAMAN BHAKTI NO.06 WONOSARI GUNUNGKIDUL 55812', 'KABUPATEN KARANGANYAR', '\'085786303550', 'desymegawati12@yahoo.com', 'RSUD WONOSARI GUNUNG KIDUL', NULL, 5, 2, 1, NULL, NULL),
(623, '3403104-055320', 'DELLA APRILIA A.Md Kes', 'GUNUNGKIDUL', '1998-04-14', 'wanita', 1, 'Jl. Taman Bakti No.6, Purbosari, Wonosari, Kec. Wonosari, Kabupaten Gunung Kidul,', 'KABUPATEN GUNUNG KIDUL', '\'085927409231', 'dellaaprilia33@gmail.com', 'RSUD WONOSARI', NULL, 5, 2, 1, NULL, NULL),
(624, '3403104-061620', 'DESTA RELINAWATI A.Md', 'GUNUNGKIDUL', '1988-12-21', 'wanita', 1, 'Jln. Wonosari-Karangmojo Km. 8,1 Karangmojo, Gunungkidul', 'KABUPATEN GUNUNG KIDUL', '\'085292015033', 'relinadesta@gmail.com', 'PUSKESMAS KARANGMOJO 1', 'PNS', 5, 2, 1, NULL, NULL),
(625, '3403104-062720', 'Destyan Elma Alifah A.Md.Kes', 'Gunungkidul', '1998-12-23', 'wanita', 1, 'JL.RINGROAD UTARA NO.22C, GANDOK, CONDONGCATUR, DEPOK, SLEMAN', 'KOTA YOGYAKARTA', '\'089674438742', 'destyanelma@gmail.com', 'POLITEKNIK KESEHATAN PERMATA INDONESIA', NULL, 5, 2, 1, NULL, NULL),
(626, '3403105-050920', 'ENY LESTARI Amd.RMIK', 'KULON PROGO', '1994-10-25', 'wanita', 2, 'Jl. Wonosari Ponjong KM. 7, Karangmojo, Kelor, Kec. Karangmojo, Kabupaten Gunung Kidul, Daerah Istimewa Yogyakarta 55891', 'KOTA YOGYAKARTA', '\'083111199227', 'enilestari894@gmail.com', 'Rumah Sakit Panti Rahayu', NULL, 5, 2, 1, NULL, NULL),
(627, '3403105-066220', 'ELISABETH ESTU WAHYUNINGTYAS A.Md.RMIK', 'GUNUNGKIDUL', '1993-04-18', 'wanita', 2, 'Jl. Karangmojo - Wonosari No.KM.2,3, Selang III, Selang, Kec. Wonosari, ', 'KABUPATEN GUNUNG KIDUL', '\'083149567053', 'elisabethestu06@gmail.com', 'RS BETHESDA WONOSARI', 'Swasta', 5, 2, 1, NULL, NULL),
(628, '3403105-069120', 'ELIANA TIANINGSIH A.Md', 'GUNUNGKIDUL', '1986-03-21', 'wanita', 1, 'Jalan Taman Bhakti 06', 'KABUPATEN GUNUNG KIDUL', '\'088228743151', 'elianasaputro@gmail.com', 'RSUD WONOSARI', 'PNS', 5, 2, 1, NULL, NULL),
(629, '3403106-031719', 'FEBRIANI A.Md. Kes.', 'GUNUNGKIDUL', '1997-02-11', 'wanita', 1, 'JL. RAYA SEMANU KM.3, SAMBIREJO, SEMANU, GUNUNGKIDUL, DIY, ', 'KABUPATEN GUNUNG KIDUL', '\'087838114621', 'febrinew6@gmail.com', 'RUMAH SAKIT UMUM PELITA HUSADA', 'Swasta', 5, 2, 1, NULL, NULL),
(630, '3403106-050720', 'FERY ARDIANTO AMd. RMIK', 'GUNUNGKIDUL', '1993-03-24', 'pria', 1, 'JL WONOSARI-YOGYA KM7 BANDUNG PLAYEN GUNUGKIDUL', 'KABUPATEN GUNUNG KIDUL', '\'083840187166', 'feryzhardianto@gmail.com', 'RUMAH SAKIT NUR ROHMAH', 'Swasta', 5, 2, 1, NULL, NULL),
(631, '3403106-059820', 'FEBRIATIKA WULANDARI A.Md', 'KARANGANYAR', '1986-02-28', 'wanita', 1, 'JL. TAMAN BHAKTI NO 06, WONOSARI', 'KABUPATEN KLATEN', '\'081225416844', 'tykahatwulan@gmail.com', 'RSUD WONOSARI', 'PNS', 5, 2, 1, NULL, NULL);
INSERT INTO `tbl_anggota` (`id`, `no_anggota`, `nama_anggota`, `tempat_lahir`, `tgl_lahir`, `jk`, `id_agama`, `alamat`, `kota_tinggal`, `hp`, `email`, `tempat_kerja`, `status_kepegawaian`, `id_dpc`, `level`, `status`, `tanggal`, `catatan`) VALUES
(632, '3403107-067120', 'GHUFRON ASHARI NURRAHMAN A.MD.RMIK A.MD.RMIK', 'GUNUNG KIDUL', '1991-07-25', 'pria', 1, 'JL TAMAN BHAKTI NO 6 WONOSARI GUNUNG KIDUL', 'KABUPATEN GUNUNG KIDUL', '\'082134318959', 'gasharinurrahman@gmail.com', 'RSUD WONOSARI', 'Swasta', 5, 2, 1, NULL, NULL),
(633, '3403109-054620', 'IMELDA AGANDHI A.Md.Kes', 'GUNUNGKIDUL', '1997-05-11', 'wanita', 3, 'JLN. TAMAN BAKTI NO.06', 'KOTA YOGYAKARTA', '\'089630209810', 'imeldaagandhi27@gmail.com', 'RSUD WONOSARI', NULL, 5, 2, 1, NULL, NULL),
(634, '3403109-056620', 'INDAH NUR SAFITRI A.Md', 'GUNUNGKIDUL', '1995-09-17', 'wanita', 1, 'JALAN TAMAN BHAKTI NO 6 WONOSARI WONOSARI', 'KABUPATEN GUNUNG KIDUL', '\'085227234195', 'nusaindahh@gmail.com', 'RSUD WONOSARI', NULL, 5, 2, 1, NULL, NULL),
(635, '3403109-057320', 'INDRA DWI ANANTA A.Md.Kes', 'GUNUNGKIDUL', '1995-12-19', 'pria', 1, 'Jl. Taman Bakti No.6, Purbosari, Wonosari', 'KABUPATEN GUNUNG KIDUL', '\'085878275921', 'indraananta.id@gmail.com', 'RSUD WONOSARI', 'BLU', 5, 2, 1, NULL, NULL),
(636, '3403109-059920', 'INDRIANA ESTI WAHYUNI A. Md. Kes.', 'GUNUNGKIDUL', '1997-11-28', 'wanita', 1, 'JL. TAMAN BAKTI NO. 6 WONOSARI', 'KABUPATEN GUNUNG KIDUL', '\'089633616669', 'ndrianaesti@gmail.com', 'RSUD WONOSARI', NULL, 5, 2, 1, NULL, NULL),
(637, '3403113-002220', 'MELIA NOVITA SARI WIJAYA AMd, SKM', 'SLEMAN', '1984-01-14', 'wanita', 1, 'JLN. TAMAN BHAKTI NO 6 WONOSARI', 'KABUPATEN GUNUNG KIDUL', '\'081328393339', 'melia.nsw@gmail.com', 'RSUD WONOSARI', 'PNS', 5, 2, 1, NULL, NULL),
(638, '3403113-012318', 'MEI DITA NURCAHYANI A.Md', 'GUNUNGKIDUL', '1993-05-17', 'wanita', 1, 'Jl.Wonosari- Jogja Km7 Jamburejo Bandung Playen', 'KABUPATEN GUNUNG KIDUL', '\'087812508016', 'cahya_05month@yahoo.com', 'RS Nur Rohmah Gunungkidul', 'Swasta', 5, 2, 1, NULL, NULL),
(639, '3403114-058920', 'NOVIANA TRIWIDYAWATI A.Md', 'GUNUNGKIDUL', '1991-11-24', 'wanita', 1, 'JL. TAMAN BHAKTI NO. 06 WONOSARI', 'KABUPATEN GUNUNG KIDUL', '\'085338681235', 'noviwidya2411@gmail.com', 'RSUD WONOSARI', NULL, 5, 2, 1, NULL, NULL),
(640, '3403116-060120', 'PAMUNGKAS DEDI PRAYUGO A.Md RMIK', 'KARANGANYAR', '1994-09-30', 'pria', 1, 'JLN.TAMAN BHAKTI NO.06 WONOSARI GUNUNGKIDUL 55812', 'KABUPATEN KARANGANYAR', '\'085876900952', 'depamungkas0@gmail.com', 'RSUD WONOSARI GUNUNGKIDUL', NULL, 5, 2, 1, NULL, NULL),
(641, '3403118-050420', 'ROVI DWI HANANTO A.Md. PM IKes', 'WONOGIRI', '1990-12-23', 'pria', 1, 'JL.Wonosari-Ponjong KM 07 Kelor, Karangmojo, Gunungkidul, DIY', 'KABUPATEN GUNUNG KIDUL', '\'085643787336', 'ravyartadinata@gmail.com', 'RS PANTI RAHAYU', 'Swasta', 5, 2, 1, NULL, NULL),
(642, '3403118-053320', 'RIKA NURINDAH A.Md.Kes', 'GUNUNGKIDUL', '1997-10-05', 'wanita', 1, 'Jl. Taman Bakti No.6, Purbosari, Wonosari, Kec. Wonosari, Kabupaten Gunung Kidul, Daerah Istimewa Yogyakarta 55851', 'KABUPATEN GUNUNG KIDUL', '\'085228135726', 'rikanurindah97.rn@gmail.com', 'RUMAH SAKIT UMUM DAERAH WONOSARI', NULL, 5, 2, 1, NULL, NULL),
(643, '3403118-056920', 'RESTU PURNAWATI A.Md', 'GUNUNGKIDUL', '1985-11-18', 'wanita', 1, 'JL.TAMAN BHAKTI NO 6 WONOSARI GUNUNGKIDUL', 'KOTA YOGYAKARTA', '\'085228868700', 'Restupurnawati5@gmail.com', 'RSUD WONOSARI', 'PNS', 5, 2, 1, NULL, NULL),
(644, '3403118-059120', 'RANIA PRAWITA SARI A.Md.Kes', 'GUNUNGKIDUL', '1997-07-25', 'wanita', 1, 'JL.WONOSARI-PONJONGKM7 KELOR KARANGMOJO GUNUNGKIDUL', 'KABUPATEN GUNUNG KIDUL', '\'081259671243', 'raniaprawitas25@gmail.com', 'RS PANTI RAHAYU', NULL, 5, 2, 1, NULL, NULL),
(645, '3403119-017418', 'SURYADIANTA A.Md RMIK', 'GUNUNGKIDUL', '1992-04-16', 'pria', 1, 'jln. baran-wonosari km 1, kerdonmiri, karangwuni, rongkop, gunungkidul', 'KABUPATEN GUNUNG KIDUL', '\'082219157052', 'suryaplatgk@yahoo.com', 'upt puskesmas rongkop', 'Swasta', 5, 2, 1, NULL, NULL),
(646, '3403119-058720', 'SETIYANI A.md.PK', 'SUKOHARJO', '1984-08-23', 'wanita', 1, 'Jl. Raya semin- Manyaran km. 04 Klepu Rejosari semin gunungkidul', 'KABUPATEN SUKOHARJO', '\'081802529585', 'setiyaniamri@gmail.com', 'Upt. Puskesmas semin 2', 'PNS', 5, 2, 1, NULL, NULL),
(647, '3403119-063720', 'SUKMA NINGKA ISKANDAR A.Md.Kes', 'KLATEN', '1998-12-18', 'wanita', 1, 'Jl. Taman Bakti No.6, Purbosari, Wonosari, Gunungkidul, Daerah Istimewa Yogyakarta', 'KABUPATEN KLATEN', '\'081296357182', 'sukmaningka@gmail.com', 'RSUD WONOSARI GUNUNGKIDUL', NULL, 5, 2, 1, NULL, NULL),
(648, '3403122-047720', 'VITA AYU SURYANINGTYAS A.Md.RMIK', 'SUKOHARJO', '1992-03-31', 'wanita', 1, 'JL. SULTAN AGUNG NO 62, KERJO II, GENJAHAN, PONJONG', 'KABUPATEN SUKOHARJO', '\'085642405450', 'tyascliquers31@yahoo.co.id', 'UPT PUSKESMAS PONJONG I', NULL, 5, 2, 1, NULL, NULL),
(649, '3403122-061920', 'A.Md. VERA PAMUNGKASANDA Kes.', 'GUNUNGKIDUL', '1997-11-17', 'wanita', 1, 'Jl. Pandean II No.22C, Candok, Condongcatur, Kec. Depok, Kabupaten Sleman, Daerah Istimewa Yogyakarta 55281', 'KABUPATEN GUNUNG KIDUL', '\'088229577844', 'Pamungkasandavera@gmail.com', 'Poltekkes Permata Indonesia Yogyakarta', NULL, 5, 2, 1, NULL, NULL),
(650, '3403123-014418', 'WINARNI A.Md', 'GUNUNGKIDUL', '1991-01-20', 'wanita', 1, 'JL TAMAN BAKTI NO 6 PURBOSARI WONOSARI GUNUNGKIDUL ', 'KOTA YOGYAKARTA', '\'081329660988', 'chewine02@gmail.com', 'RSUD WONOSARI', 'PTT', 5, 2, 1, NULL, NULL),
(651, '3403123-059520', 'WIDIASIH PRIHATINI A.Md.Kes', 'GUNUNGKIDUL', '1998-05-26', 'wanita', 1, 'JL.KARANGMOJO-WONOSARI KM.2 SELANG 3 SELANG WONOSARI GUNUNGKIDUL', 'KABUPATEN GUNUNG KIDUL', '\'082323294419', 'widiasihp98@gmail.com', 'RSIA ALLAUDYA', NULL, 5, 2, 1, NULL, NULL),
(652, '3403125-047120', 'YUYUN SURYANADEWI A.Md RMIK', 'GUNUNGKIDUL', '1993-07-01', 'wanita', 1, 'JL. KI DEMANG WONOPAWIRO, LINGKAR UTARA, KEMOROSARI II, RT 07/ RW 07, PIYAMAN, WONOSARI, GUNUNGKIDUL', 'KOTA YOGYAKARTA', '\'', 'yuyunsuryana93@gmail.com', 'RS PKU MUHAMMADIYAH WONOSARI', NULL, 5, 2, 1, NULL, NULL),
(653, '3403125-069220', 'YOHANES CHRISTIAN BANGKIT PRASETYO A.Md Kes', 'WONOGIRI', '1997-04-08', 'pria', 2, 'JL. WONOSARI PONJONG KM 7 KELOR KARANGMOJO GUNUNGKIDUL', 'KABUPATEN WONOGIRI', '\'085803203833', 'yohanesc59@gmail.com', 'RS PANTI RAHAYU', NULL, 5, 2, 1, NULL, NULL),
(654, '3402101-005118', 'ANISYA NUR ISTIKFARI', 'YOGYAKARTA', '1987-10-19', 'wanita', 1, 'Denokan Trimulyo Jetis Bantul Yogyakarta', 'KABUPATEN SLEMAN', '\'087839378555', 'anisyadivyapramono@gmail.com', 'Puskesmas Jetis I Bantul', 'PNS', 2, 2, 1, NULL, NULL),
(655, '3402101-005318', 'ANA SRIASTUTI A.Md', 'SLEMAN', '1987-01-17', 'wanita', 1, 'JL PEMUDA GANDEKAN BANTUL', 'KOTA YOGYAKARTA', '\'087839551241', 'ana.sriastuti22@gmail.com', 'RSKIA UMMI KHASANAH', 'Swasta', 2, 2, 1, NULL, NULL),
(656, '3402101-005518', 'AYU FITRIYATI Am.d', 'BANTUL', '1992-04-13', 'wanita', 1, 'jl Dr.Wahidin Sudirohusodo ', 'KABUPATEN BANTUL', '\'085729449656', 'ayu.nhiezt@gmail.com', 'RSUD Panembahan Senopati', NULL, 2, 2, 1, NULL, NULL),
(657, '3402101-006418', 'ARUM ALFA RIZKI A.MD', 'BANTUL', '1986-10-25', 'wanita', 1, 'JL JENDERAL SUDIRMAN 124 BANTUL YOGYAKARTA', 'KABUPATEN BANTUL', '\'087839713107', 'arumalfarizki@gmail.com', 'RSU PKU MUHAMMADIYAH BANTUL', 'Swasta', 2, 2, 1, NULL, NULL),
(658, '3402101-007718', 'ARDHI HALIM PERDANA A.Md.', 'PURWOKERTO', '1989-07-04', 'pria', 1, 'JL. WAHIDIN SUDIROHUSODO', 'KABUPATEN BANYUMAS', '\'08995078510', 'ardhihp@gmail.com', 'RSUD PANEMBAHAN SENOPATI', 'PNS', 2, 2, 1, NULL, NULL),
(659, '3402101-009118', 'ARIS MANTORO A.Md.RMIK', 'BANTUL', '1989-09-03', 'pria', 1, 'JL DR WAHIDIN SUDIROHUSODO BANTUL', 'KABUPATEN BANTUL', '\'', 'gendut_aris@yahoo.com', 'RSUD PANEMBAHAN SENOPATI BANTUL', NULL, 2, 2, 1, NULL, NULL),
(660, '3402101-011718', 'A.Md ARIS MANTORO RMIK', 'BANTUL ', '1989-09-03', 'pria', 1, 'Jln. Dr. Wahidin Sudirohusodo No.14 Bantul -Yogyakarta', 'KABUPATEN BANTUL', '\'081904069433', 'arismantoro@yahoo.com', 'RSUD PANEMBAHAN SENOPATI BANTUL', 'BLU', 2, 2, 1, NULL, NULL),
(661, '3402101-037219', 'AJENG PERMATI INDAH AMd.RMIK', 'BANTUL', '1991-12-14', 'wanita', 1, 'JL RAYA JANTI BLOK BANGUNTAPAN BANTUL YOGYAKARTA', 'KOTA YOGYAKARTA', '\'082225063948', 'ajengpermatiindah@gmail.com', 'RSPAU.DR.S.HARDJOLUKITO YOGYAKARTA', 'Swasta', 2, 2, 1, NULL, NULL),
(662, '3402101-053620', 'AGUSTINA TIKA RSTNASARI A.Md. Kes', 'MAGELANG', '1996-08-06', 'wanita', 1, 'Jl. Raya Janti Blok O Lanud Adi Sutjipto Yogyakarta', 'KOTA YOGYAKARTA', '\'-', 'agustinatika72@gmail.com', 'RSPAU dr.S. Hardjolukito', NULL, 2, 2, 1, NULL, NULL),
(663, '3402101-053720', 'AGUNG KURNIAWAN A.Md,', 'SEBARUS', '1991-07-06', 'pria', 1, 'Jl. Parangtritis Km 06 Sewon Bantul', 'KABUPATEN GUNUNG KIDUL', '\'082322588115', 'agungkurniawan991@gmail.com', 'Sekolah Tinggi Ilmu Kesehatan AKBIDYO', NULL, 2, 2, 1, NULL, NULL),
(664, '3402101-054220', 'ATIKA MUKHLISANI A.Md', 'KEBUMEN', '1994-01-09', 'wanita', 1, 'NGIPIK, BATURETNO, BANGUNTAPAN, BANTUL', 'KABUPATEN WONOGIRI', '\'08982533717', 'atika.xenia@gmail.com', 'PUSKESMAS BANGUNTAPAN I', 'PNS', 2, 2, 1, NULL, NULL),
(665, '3402101-055920', 'ASVIN RIZKI WIDODO A.Md', 'BANTUL', '1995-03-15', 'pria', 1, 'JL. Parangtritis, Km. 6, Sewon, Tarudan, Bangunharjo, Kec. Bantul, Bantul, Daerah Istimewa Yogyakarta 55188', 'KABUPATEN BANTUL', '\'08994692341', 'asvin.rizki@gmail.com', 'PUSKESMAS SEWON II BANTUL', 'PNS', 2, 2, 1, NULL, NULL),
(666, '3402101-060220', 'TIDAK ADA ANA BATAMI A.Md.RMIK', 'BANTLUL', '1992-03-30', 'wanita', 1, 'JL WAKHID HASYIM NO 208 PALBAPANG BANTUL', 'KABUPATEN BANTUL', '\'085602011044', 'batamiana@gmail.com', 'PUSKESMAS BANTUL 1', 'PNS', 2, 2, 1, NULL, NULL),
(667, '3402101-061020', 'ANTON SULISTYA Amd RMIK', 'KLATEN', '1991-02-27', 'pria', 1, 'JL. Janti Yogyakarta, Lanud Adisutjipto, Jl. Ringroad Timur, Karang Janbe, Banguntapan, Kec. Banguntapan, Bantul, Daerah Istimewa Yogyakarta 55198', 'KABUPATEN KLATEN', '\'085725625858', 'anton.masyo@gmail.com', 'RSPAU DR S HARDJOLUKITO', 'BLU', 2, 2, 1, NULL, NULL),
(668, '3402101-066020', 'ANINDITA NURUL MARFUAH A.Md.Kes.', 'BANTUL', '1999-02-25', 'wanita', 1, NULL, 'KABUPATEN BANTUL', '\'08157937147', 'Aninditanurul642@gmail.com', 'Belum bekerja', NULL, 2, 2, 1, NULL, NULL),
(669, '3402101-067220', 'A.Md ANISA DWI ARTANTI RMIK', 'KLATEN', '1994-03-23', 'wanita', 1, 'JL.RAYA JANTI BLOK O BANGUNTAPAN BANTUL', 'KABUPATEN KLATEN', '\'085712030513', 'anisadwiartanti23@gmail.com', 'RSPAU DR.S. HARDJOLUKITO', NULL, 2, 2, 1, NULL, NULL),
(670, '3402102-004618', 'BUDHI WICAKSONO A.Md', 'SLEMAN', '1989-03-02', 'pria', 1, 'Jln imogiri timur km 11.5 trimulyo jetis bantul', 'KABUPATEN SLEMAN', '\'08112536577', 'budhiwicakl@gmail.com', 'Rumah sakit nur hidayah bantul', 'Swasta', 2, 2, 1, NULL, NULL),
(671, '3402102-005218', 'BAYU KURNIAWAN SAPUTRO A.Md', 'KULONPROGO', '1987-12-27', 'pria', 3, 'Jl. Wahidin Sudirohusodo No. 14 Bantul', 'KABUPATEN SLEMAN', '\'085643333362', 'bayu.dekill@gmail.com', 'RSUD Panembahan Senopati Bnatul', 'PNS', 2, 2, 1, NULL, NULL),
(672, '3402102-006118', 'BERTHA GALUH PALUPI AMd.RMIK', 'BANTUL', '1987-03-02', 'wanita', 2, 'JL DR WAHIDIN SUDIROHUSODO NO 14 BANTUL', 'KABUPATEN BANTUL', '\'', 'berthapalupi@gmail.com', 'RSUD PANEMBAHAN SENOPATI BANTUL', 'PNS', 2, 2, 1, NULL, NULL),
(673, '3402102-063920', 'BORHAN ADI SAPUTRA A.Md', 'SLEMAN', '1998-06-25', 'pria', 1, 'Ganjuran, Sumbermulyo, Bambanglipuro, Bantul, DIY', 'KABUPATEN SLEMAN', '\'087736366025 ', 'borhanadisaputra@gmail.com', 'RS Santa Elisabeth ', NULL, 2, 2, 1, NULL, NULL),
(674, '3402103-081418', 'CHRISNA NUR REFELIYANA A.Md.Kes', 'JAKARTA', '1994-05-12', 'wanita', 1, 'JL. IMOGIRI TIMUR KM 11.5 TRIMULYO JETIS BANTUL', 'KABUPATEN BANTUL', '\'085742575524', 'crisnanur@gmail.com', 'RS NUR HIDAYAH', 'Swasta', 2, 2, 1, NULL, NULL),
(675, '3402104-004018', 'DINA DARA QUTHNI A.Md', 'BANTUL', '1995-08-24', 'wanita', 1, 'Jl Dr. Wahidin Sudirohusodo Bantul', 'KABUPATEN BANTUL', '\'089671470046', 'dinadrq8@gmail.com', 'RSUD PANEMBAHAN SENOPATI BANTUL', NULL, 2, 2, 1, NULL, NULL),
(676, '3402104-004918', 'DEFA MIFTARA AGUSTINE A.Md', 'BANTUL', '1995-08-10', 'wanita', 1, 'JALAN PENEMBAHAN SENOPATI 4 PALBAPANG BANTUL', 'KABUPATEN BANTUL', '\'085729512332', 'miftara.agustine@gmail.com', 'RUMAH SAKIT PARU RESPIRA ', 'PNS', 2, 2, 1, NULL, NULL),
(677, '3402104-005918', 'DINA TRIANA DEWI A.Md', 'KLATEN', '1993-03-23', 'wanita', 1, 'Jl. Dr. Wahidin Sudirohusodo No 14 Bantul', 'KABUPATEN BANTUL', '\'089648400473', 'trianadina29@gmail.com', 'RSUD PANEMBAHAN SENOPATI BANTUL', 'PNS', 2, 2, 1, NULL, NULL),
(678, '3402104-008918', 'DENOK SITORESMI A.MD', 'BANTUL', '1983-04-06', 'wanita', 1, 'MOJOHURO SRIHARJO IMOGIRI BANTUL', 'KOTA YOGYAKARTA', '\'087782754664', 'sitapurbohadi@gmail.com', 'PUSKESMAS IMOGIRI II', 'PNS', 2, 2, 1, NULL, NULL),
(679, '3402104-009318', 'DESI NUR FITASARI A.Md', 'BANYUMAS', '1987-12-14', 'wanita', 1, 'JL. PANEMBAHAN SENOPATI NO. 4 PALBAPANG ', 'KOTA YOGYAKARTA', '\'085647651444', 'vitaeneves@gmail.com', 'RUMAH SAKIT PARU RESPIRA', 'PNS', 2, 2, 1, NULL, NULL),
(680, '3402104-009918', 'DINI SAKTI LESTARI AMD', 'JAKARTA', '1984-10-01', 'wanita', 1, 'JL.PARANGTRITIS KM 7 TIMBULHARJO SEWON ', 'KABUPATEN BANTUL', '\'081392627659', 'dini3keisha@gmail.com', 'PUSKESMAS SEWON I ', 'PNS', 2, 2, 1, NULL, NULL),
(681, '3402104-010518', 'DANIEL KRISTIANTO, AMD.RMIK AMD. RMIK', 'MAGETAN', '1992-04-15', 'pria', 3, 'JL   BLOK O BANGUNTAPAN BANTUL ', 'KABUPATEN MAGETAN', '\'081357602274', 'daniel_kristianto@yahoo.com', 'RSPAU DR S HARDJOLUKITO', NULL, 2, 2, 1, NULL, NULL),
(682, '3402104-012218', 'DWI RIS DAYANTI A.Md.RMIK', 'BOYOLALI', '1993-07-09', 'wanita', 1, 'JL. RING ROAD SELATAN GLUGO PANGGUNGHARJO SEWON BANTUL', 'KABUPATEN BOYOLALI', '\'081930456787', 'risdachan09@gmail.com', 'RSKB RING ROAD SELATAN', 'Swasta', 2, 2, 1, NULL, NULL),
(683, '3402104-020419', 'DEVI APRILIA PUTRI NINGTYAS A.Md.Kes', 'GUNUNGKIDUL', '1997-04-05', 'wanita', 1, 'Jl. Monumen TNI AU No. 1A Tamanan, Banguntapan, Bantul', 'KOTA YOGYAKARTA', '\'', 'deviaprilia276@gmail.com', 'Rumah Sakit Khusus Bedah Adelia', NULL, 2, 2, 1, NULL, NULL),
(684, '3402104-026519', 'DIYAH MUSTIKA SARI A.Md.RMIK', 'BOYOLALI', '1992-05-02', 'wanita', 1, 'KORIPAN I,DLINGO, DLINGO, BANTUL', 'KABUPATEN BANTUL', '\'085728913133', 'tychamustika@gmail.com', 'UPT PUSKESMAS DLINGO 1', 'PNS', 2, 2, 1, NULL, NULL),
(685, '3402104-035419', 'DWI ISMAWATININGSIH A.Md', 'SEMARANG', '1975-03-24', 'wanita', 1, 'Jalan janti blok O', 'KOTA YOGYAKARTA', '\'081383638500', 'dwiismawatiningsih@gmail.com', 'RSPAU dr.S. HARDJOLUKITO', 'PNS', 2, 2, 1, NULL, NULL),
(686, '3402104-055520', 'DANIEL KRISTIANTO A.Md.RMIK', 'MAGETAN', '1992-04-15', 'pria', 3, 'JL. Majapahit / JL.Raya Janti Blok O Lanud Adi Sutjipto Yogyakarta', 'KABUPATEN MAGETAN', '\'087703638954', 'danielknup89@gmail.com', 'RSPAU DR S HARDJOLUKITO ', NULL, 2, 2, 1, NULL, NULL),
(687, '3402104-057420', 'DENOK AYU NINIK OYA ZIMAH A. Md', 'BANTUL', '1998-03-19', 'wanita', 1, '-', 'KABUPATEN BANTUL', '\'08979803468', 'ayuoya22@gmail.com', '-', NULL, 2, 2, 1, NULL, NULL),
(688, '3402104-057920', 'DYAH AYU PUTRI SARI HARTIANI A.Md', 'SEMARANG', '1986-07-21', 'wanita', 3, 'Jl. Raya Janti Blok O Banguntapan Bantul Yogyakarta', 'KABUPATEN KLATEN', '\'081542860570', 'dyah9554@gmail.com', 'RSPAU dr. S. Hardjolukito Yogyakarta', NULL, 2, 2, 1, NULL, NULL),
(689, '3402105-008818', 'EDY KRISBIANTORO Amd', 'SEMARANG', '1979-04-15', 'pria', 1, 'Dusun Pencitrejo Rt01 Desa Terong Kec Dlingo', 'KABUPATEN BANTUL', '\'081575129045', 'edy.sakhiy@gmail.com', 'Puskesmas Dlingo II', 'PNS', 2, 2, 1, NULL, NULL),
(690, '3402105-009218', 'ERMA PRATIWI A.Md', 'SUKOHARJO', '1988-03-19', 'wanita', 1, 'NGANCAR,KARANGTALUN,IMOGIRI', 'KABUPATEN BANTUL', '\'', 'rafifku8@gmail.com', 'PUSKESMAS IMOGIRI 1', 'PNS', 2, 2, 1, NULL, NULL),
(691, '3402105-053120', 'ESTHI PRITA ANUGRAHWATI A.Md.', 'BANTUL', '1995-03-04', 'wanita', 1, 'Jl. Dawetan Paker, Prenggan, Sidomulyo, Kec. Bambanglipuro, Bantul, Daerah Istimewa Yogyakarta 55764', 'KABUPATEN BANTUL', '\'087839700938', 'EMPRIT15.PRITA@GMAIL.COM', 'RUMAH SAKIT LAPANGAN KHUSUS COVID-19 BANTUL', NULL, 2, 2, 1, NULL, NULL),
(692, '3402105-070320', 'ERVI RIFMALASARI A.Md', 'BANTUL', '1999-07-28', 'wanita', 1, NULL, 'KOTA YOGYAKARTA', '\'083862537617', 'rifmalasarie@gmail.com', '-', NULL, 2, 2, 1, NULL, NULL),
(693, '3402106-005418', 'FIKI WULANDARI AMD.RMIK', 'BANTUL', '1992-12-22', 'wanita', 1, 'GANJURAN SUMBERMULYOBAMBANGLIPURO BANTUL ', 'KOTA YOGYAKARTA', '\'0858635350547', 'fikiwulandari.wulan@gmail.com', 'RS SANTA ELISABETH BANTUL', NULL, 2, 2, 1, NULL, NULL),
(694, '3402106-007418', 'FIDIYAN PURNAMA PUTRA A.Md. RMIK', 'GUNUNGKIDUL', '1991-02-14', 'pria', 1, 'Jl. Parangtritis KM 4.5 Gg. Wijayakusuma No. 212 Yogyakarta', 'KABUPATEN GUNUNG KIDUL', '\'085899511339', 'vdyanp@gmail.com', 'RSU GRIYA MAHARDHIKA YOGYAKARTA', 'Swasta', 2, 2, 1, NULL, NULL),
(695, '3402106-010118', 'FETI TIMUR NURGIYANTI A.Md', 'BANTUL', '1985-02-28', 'wanita', 1, 'Piring Srihardono Pundong Bantul', 'KABUPATEN BANTUL', '\'085876042404', 'feti.van93@gmail.com', 'Balai Rehabilitasi Terpadu Penyandang DIsabilitas Dinas Sosial Daerah Istimewa Yogyakarta', NULL, 2, 2, 1, NULL, NULL),
(696, '3402106-012718', 'FAJAR HARYANI Amd. RMIK', 'BANTUL', '1993-08-10', 'wanita', 1, 'JL PLERET KM 2.5 BANJARDADAP POTORONO BANGUNTAPAN BANTUL', 'KOTA YOGYAKARTA', '\'085641963107', 'fajarharyani7@gmail.com', 'RUMAH SAKIT UMUM RAJAWALI CITRA', NULL, 2, 2, 1, NULL, NULL),
(697, '3402106-018218', 'FIKA ARUMI DYAH FARATRI A.Md', 'BANTUL', '1982-11-12', 'wanita', 1, 'JL JEND SUDIRMAN 124 BANTUL', 'KABUPATEN BANTUL', '\'082133289848', 'fikafaratri@gmail.com', 'RSU PKU MUHAMMADIYAH BANTUL', NULL, 2, 2, 1, NULL, NULL),
(698, '3402106-050120', 'FITRIANA TRI WIDYANINGRUM A.Md.RMIK', 'BANTUL', '1994-04-21', 'wanita', 1, 'JL PEMUDA GANDEKAN BANTUL', 'KABUPATEN BANTUL', '\'085729412121', 'fitrianaa.widyaningrum@gmail.com', 'RSKIA UMMI KHASANAH', NULL, 2, 2, 1, NULL, NULL),
(699, '3402106-051320', 'FATIMAH EGA HANURANI A.Md.', 'SLEMAN', '1995-06-26', 'wanita', 1, 'JL SRANDAKAN 5,5 GEDONGSARI, WIJIREJO, PANDAK, BANTUL', 'KABUPATEN BANTUL', '\'085712866487', 'FATIMAEGA17@GMAIL.COM', 'RS UNIVERSITAS ISLAM INDONESIA', NULL, 2, 2, 1, NULL, NULL),
(700, '3402106-055820', 'FEBRIANA HESTI SAPUTRI A.Md.Kes', 'GUNUNGKIDUL', '1999-02-15', 'wanita', 1, 'Jl. Jend. Sudirman No.124, Nyangkringan, Bantul', 'KABUPATEN GUNUNG KIDUL', '\'082126358842', 'febrianasaputri15@gmail.com', 'RSU PKU Muhammadiyah Bantul', NULL, 2, 2, 1, NULL, NULL),
(701, '3402106-057120', 'FATMA ARDIYAN SARI A, Md.RMIK', 'MENGGALA', '1994-11-19', 'wanita', 1, 'JL PEMUDA GANDEKAN BANTUL', 'KOTA YOGYAKARTA', '\'0859126489081', 'Diyansari1994@gmail.com', 'RSKIA UMMI KHASANAH BANTUL YOGYAKARTA', NULL, 2, 2, 1, NULL, NULL),
(702, '3402106-066520', 'FAHMI FAUZI NURTIARA A.Md', 'BANTUL', '1998-05-12', 'pria', 1, '-', 'KABUPATEN BANTUL', '\'08986637574', 'fahmifauzin12@gmail.com', '-', NULL, 2, 2, 1, NULL, NULL),
(703, '3402107-005818', 'GALUH NURMA NOVITASARI A.Md', 'GUNUNGKIDUL', '1988-11-05', 'wanita', 1, 'JL. PANEMBAHAN SENOPATI NO 4 PALBAPANG', 'KABUPATEN GUNUNG KIDUL', '\'081227766642', 'galuhnurma76@gmail.com', 'RS PARU RESPIRA YOGYAKARTA', 'PNS', 2, 2, 1, NULL, NULL),
(704, '3402107-061120', 'GITA YUNDARWATI Amd.rmik', 'SLEMAN', '1992-08-15', 'wanita', 1, 'Jl raya janti blok O banguntapan bantul', 'KOTA YOGYAKARTA', '\'082324568580', 'Ghita.01yundarwati@gmail.com', 'Rspau dr s hardjolukito', NULL, 2, 2, 1, NULL, NULL),
(705, '3402108-008118', 'HERPRI CAHYANI A.Md', 'BANTUL', '1985-04-29', 'wanita', 1, 'JL.PLERET KM 2,5 BANJARDADAP POTORONO BANGUNTAPAN BANTUL', 'KOTA YOGYAKARTA', '\'', 'herpri2904@yahoo.com', 'RSU RAJAWALI CITRA', 'Swasta', 2, 2, 1, NULL, NULL),
(706, '3402108-055120', 'HENNY PRIHATININGSIH Amd. Kes', 'SUKOHARJO', '1996-02-13', 'wanita', 1, 'JL. RINGROAD SELATAN GLUGO PANGGUNGHARJO SEWON BANTUL', 'KABUPATEN KARANGANYAR', '\'08995348499', 'heniihenong16@gmail.com', 'RSKB RING ROAD SELATAN', NULL, 2, 2, 1, NULL, NULL),
(707, '3402108-074320', 'HENDRA PRABOWO A.Md', 'BANTUL', '1996-08-05', 'pria', 1, 'Jln. Cik di tiro no.30 gondokusuman yogyakarta', 'KABUPATEN BANTUL', '\'-', 'hendprab@gmail.com', 'Rumah sakit panti rapih', NULL, 2, 2, 1, NULL, NULL),
(708, '3402109-011218', 'A.Md IDHAM BUDIMAN RMIK', 'SAMBIKI', '1994-01-29', 'pria', 1, 'Jl. Rumah Sakit Mata Aini, HR. Rasuna Said, Kuningan Setiabudi Jakarta Selatan DKI Jakarta', 'KOTA JAKARTA SELATAN', '\'081226823255', 'idhambudiman29@gmail.com', 'RUMAH SAKIT MATA AINI PROF. DR. ISAK SALIM', 'Swasta', 2, 2, 1, NULL, NULL),
(709, '3402109-059320', 'ISTIYANINGSIH AMD.PERKES', 'SLEMAN', '1989-09-25', 'wanita', 1, 'JL. IMOGIRI TIMUR JATI WONOKROMO PLERET BANTUL', 'KABUPATEN BANTUL', '\'081542017067', 'isti.medrec@gmail.com', 'PUSKESMAS PLERET', 'PNS', 2, 2, 1, NULL, NULL),
(710, '3402109-060420', 'IRA RAHMAWATI A.Md.Kes', 'SUKOHARJO', '1996-04-30', 'wanita', 1, 'Jln. Janti Blok O Yogyakarta', 'KABUPATEN SUKOHARJO', '\'-', 'irarahma304@gmail.com', 'RSPAU dr. S. Hardjolukito', NULL, 2, 2, 1, NULL, NULL),
(711, '3402109-070520', 'IKA PUSPITASARI A.Md.', 'KULON PROGO', '1996-01-21', 'wanita', 1, 'JL. PANEMBAHAN SENOPATI NO. 4 PALBAPANG BANTUL, DI. YOGYAKARTA', 'KABUPATEN KULON PROGO', '\'085743554397', 'ikapuspita2196@gmail.com', 'RUMAH SAKIT PARU RESPIRA', 'PNS', 2, 2, 1, NULL, NULL),
(712, '3402109-076820', 'ISNA LUTFIAH A.Md.RMIK', 'BANTUL', '1999-03-12', 'wanita', 1, 'JL. RINGROAD SELATAN GLUGO PANGGUNGHARJO SEWON BANTUL ', 'KOTA YOGYAKARTA', '\'0895366118396', 'isnalutfiah02@gmail.com', 'RUMAH SAKIT KHUSUS BEDAH RINGROAD SELATAN', 'Swasta', 2, 2, 1, NULL, NULL),
(713, '3402110-010218', 'JABAT RENDIKA KENSTHEPANY A.Md.', 'SLEMAN', '1992-01-11', 'wanita', 1, 'Jl Panembahan Senopati No 4 Palbapang Bantul', 'KABUPATEN BANTUL', '\'082329172774', 'rendika.jabat@gmail.com', 'Rumah Sakit Paru Respira', 'PNS', 2, 2, 1, NULL, NULL),
(714, '3402111-004418', 'KATARINA YUNI SAPTARININGSIH A.Md RMIK', 'PURWOREJO', '1994-06-07', 'wanita', 2, 'GANJURAN SUMBERMULYO BAMBANGLIPURO BANTUL YOGYAKARTA', 'KABUPATEN BANTUL', '\'089697799170', 'katarinayuni5@gmail.com', 'RUMAH SAKIT SANTA ELISABETH BANTUL ', 'Swasta', 2, 2, 1, NULL, NULL),
(715, '3402111-006518', 'KASTURI A.Md', 'SLEMAN', '1986-05-11', 'wanita', 1, 'JL JEND SUDIRMAN 124 BANTUL', 'KABUPATEN SLEMAN', '\'083869777561', 'kasturiwisnu@gmail.com', 'RSU PKU MUHAMMADIYAH BANTUL', 'Swasta', 2, 2, 1, NULL, NULL),
(716, '3402111-009718', 'KURNIA WULANDARI A.Md', 'MANOKWARI', '1987-08-27', 'wanita', 1, 'JL.WAHIDIN SUDIRO HUSODO', 'KOTA YOGYAKARTA', '\'085764133106/085884178212', 'wulandari27nia@gmail.com', 'RSUD PANEMBAHAN SENOPATI BANTUL', 'PNS', 2, 2, 1, NULL, NULL),
(717, '3402111-046820', 'KIKI IRMALIA A.Md Kes', 'BANTUL', '1996-05-01', 'wanita', 1, 'Jl. Imogiri timur km. 11,5 Trimulyo, Jetis, Bantul', 'KABUPATEN BANTUL', '\'088225068600', 'kikiarmalia0105@gmail.com', 'Rumah Sakit Nur Hidayah', NULL, 2, 2, 1, NULL, NULL),
(718, '3402112-011818', 'LULUK NOOR FITRIYANTI A. Md', 'BENGKULU', '1994-03-12', 'wanita', 1, 'JLN WAHIDIN SOEDIRO HUSODO', 'KABUPATEN BANTUL', '\'082242147388', 'luluk.noor.f12@gmail.com', 'RSUD PANEMBAHAN SENOPATI', 'Swasta', 2, 2, 1, NULL, NULL),
(719, '3402112-054720', 'LULUK NOOR FITRIYANTI A.Md', 'BEGKULU', '1994-03-12', 'wanita', 1, 'Jl. Wahidin Sudiro Husodo Bantul', 'KABUPATEN BANTUL', '\'082242147388', 'lulukchan2312@gmail.com', 'RSUD Panembahan Senopati', 'BLU', 2, 2, 1, NULL, NULL),
(720, '3402112-064020', 'LINTANG AROFAH A.Md', 'MADIUN', '1999-04-26', 'wanita', 1, 'JL. Janti Yogyakarta, Lanud Adisutjipto, Jl. Ringroad Timur, Karang Janbe, Banguntapan, Kec. Banguntapan, Bantul', 'KABUPATEN MADIUN', '\'08988615159', 'arofahlintang@gmail.com', 'RSPAU dr.S. Hardjolukito', NULL, 2, 2, 1, NULL, NULL),
(721, '3402113-000720', 'MUJIYONO A.Md.PerKES', 'BANTUL', '1975-02-05', 'pria', 1, 'Jln. Dr. Wahidin Sudirohusodo Bantul', 'KABUPATEN BANTUL', '\'085292182533', 'mujionomuji23456@gmail.com', 'RSUD Panembahan Senopati Bantul', 'PNS', 2, 2, 1, NULL, NULL),
(722, '3402113-003718', 'MARNIATI A.Md', 'BANTUL', '1987-06-25', 'wanita', 1, 'Jl Dr Wahidin Sudiro Husodo Bantul', 'KABUPATEN BANTUL', '\'08562960750', 'niashewhuzz@gmail.com', 'RSUD Panembahan Ssenopati Bantul', 'PNS', 2, 2, 1, NULL, NULL),
(723, '3402113-005618', 'MIFTA DWI ARIANI A.Md', 'BANTUL', '1989-02-07', 'wanita', 1, 'JL DR. WAHIDIN SUDIROHUSODO BANTUL', 'KOTA YOGYAKARTA', '\'081804304074', 'me3pta89@gmail.com', 'RSUD PANEMBAHAN SENOPATI BANTUL', 'PNS', 2, 2, 1, NULL, NULL),
(724, '3402113-007018', 'MIA DWI FAJARYANTI AMd PerKes', 'SLEMAN', '1990-05-28', 'wanita', 1, 'Jl. Raya janti blok O yogykarta', 'KOTA YOGYAKARTA', '\'087839374070', 'miahatmadja15@gmail.com', 'Rspau Dr.  S.  Hardjolukito', NULL, 2, 2, 1, NULL, NULL),
(725, '3402113-055220', 'MALA ARIES ROMADHON AMd,PerKes', 'MATARAM', '1973-10-14', 'pria', 1, 'JL. PARANGTRITIS KM. 16 GERSELO PATALAN JETIS BANTUL', 'KOTA YOGYAKARTA', '\'083101396619', 'FADHIL0543@GMAIL.COM', 'RSU RACHMA HUSADA BANTUL', NULL, 2, 2, 1, NULL, NULL),
(726, '3402113-055720', 'MAUDY WIDYASIH A.Md.Kes', 'YOGYAKARTA', '1997-01-15', 'wanita', 1, 'Karangsari Tegaltandan Banguntapan Bantul', 'KOTA YOGYAKARTA', '\'081239588016', 'mwidyasih@gmail.com', 'Puskesmas Banguntapan III', NULL, 2, 2, 1, NULL, NULL),
(727, '3402113-057820', 'MARTIN MARTARANI A.Md.', 'BANTUL', '1995-03-20', 'wanita', 1, 'NGANCAR KARANGTALUN IMOGIRI BANTUL YOGYAKARTA', 'KABUPATEN BANTUL', '\'085712073333', 'martin.martarani@mail.ugm.ac.id', 'PUSKESMAS IMOGIRI I', 'PTT', 2, 2, 1, NULL, NULL),
(728, '3402113-058120', 'A.md MATHEUS JAMINANTO PRABOWO SETYO RMIK', 'BANTUL', '1989-09-22', 'pria', 2, 'JL. PARANGTRITIS KM 4,5 Gg Wijayakusuma 212 yogyakarta', 'KOTA YOGYAKARTA', '\'083123610565', 'matheusjaminanto@gmail.com', 'RUMAH SAKIT GRIYA MAHARDHIKA YOGYAKARTA', 'Swasta', 2, 2, 1, NULL, NULL),
(729, '3402113-068820', 'MELIN NOVITA A.Md. RMIK', 'BANDUNG', '1995-10-16', 'wanita', 1, 'JL RAYA JANTI BLOK O YOGYAKARTA', 'KOTA YOGYAKARTA', '\'087739133939', 'melin.novita@gmail.com', 'RSPAU dr. S HARDJOLUKITO 55198', 'TNI', 2, 2, 1, NULL, NULL),
(730, '3402114-001820', 'NUR HUSNUL KHOTIMAH A.Md.Kes', 'BOYOLALI', '1998-10-12', 'wanita', 1, 'Jl. Srandakan KM 5.5, Pandak, Bantul, Daerah Istimewa Yogyakarta, 55761', 'KABUPATEN BOYOLALI', '\'082243472162', 'husnulkn@gmail.com', 'RUMAH SAKIT UNIVERSITAS ISLAM INDONESIA', NULL, 2, 2, 1, NULL, NULL),
(731, '3402114-003918', 'NOOR KHAYATUN A.Md.Perkes, SH', 'GALUR', '1971-05-09', 'wanita', 1, 'Jl. dr. Wahidin Sudirohusodo No. 14 Bantul', 'KABUPATEN BANTUL', '\'085643212556', 'Noor.khay@gmail.com', 'RSUD Panembahan Senopati Bantul', 'PNS', 2, 2, 1, NULL, NULL),
(732, '3402114-004118', 'NUR LAILA SHOLIKHAH A.Md', 'BANTUL', '1988-02-22', 'wanita', 1, 'Jl Wates Km 12 Argorejo Sedayu Bantul', 'KABUPATEN BANTUL', '\'081325888470', 'laila.rekammedis06@gmail.com', 'Puskesmas Sedayu II', 'PNS', 2, 2, 1, NULL, NULL),
(733, '3402114-004518', 'NOVIANA ROSIATI A.Md', 'BANTUL', '1990-11-08', 'wanita', 2, 'GANJURAN SUMBERMULYO BAMBANGLIPURO BANTUL', 'KOTA YOGYAKARTA', '\'082322287007', 'noviana_rosiati@yahoo.co.id', 'RS SANTA ELISABETH ', NULL, 2, 2, 1, NULL, NULL),
(734, '3402114-006718', 'NISA BUDI ASTUTI A.Md', 'BANTUL', '1990-10-10', 'wanita', 1, 'Jln. Dr. Wahidin Sudirohusodo Bantul 55714', 'KABUPATEN BANTUL', '\'085643871881', 'nisa.quella@yahoo.co.id', 'RSUD PANEMBAHAN SENOPATI', 'BLU', 2, 2, 1, NULL, NULL),
(735, '3402114-006918', 'NUR ZENI A.Md.', 'SLEMAN', '1987-02-02', 'wanita', 1, 'PANGGANG ARGOMULYO SEDAYU', 'KABUPATEN SLEMAN', '\'087730113387', 'lintang.jerry.lj@gmail.com', 'PUSKESMAS SEDAYU I', 'PNS', 2, 2, 1, NULL, NULL),
(736, '3402114-008518', 'NURUL PRATIWI A.Md. RMIK', 'BANTUL', '1995-05-25', 'wanita', 1, 'JL.PLERET KM 2,5 BANJARDADAP POTORONO BANGUNTAPAN BANTUL', 'KABUPATEN BANTUL', '\'', 'prtwnurul@gmail.com', 'RSU RAJAWALI CITRA BANTUL', NULL, 2, 2, 1, NULL, NULL),
(737, '3402114-009018', 'NETTY MARISA APRISARI A.Md.PK', 'KARANGANYAR', '1990-04-08', 'wanita', 1, 'JALAN RAYA JANTI BLOK O YOGYAKARTA', 'KABUPATEN BOYOLALI', '\'085743225035', 'netty_marissa@yahoo.com', 'RSPAU dr.S.HARDJOLUKITO', NULL, 2, 2, 1, NULL, NULL),
(738, '3402114-012618', 'NUNUNG DIAN PURWENI AMd. RMIK', 'BANTUL', '1991-02-26', 'wanita', 1, 'DR. WAHIDIN SUDIROHUSODO BANTUL 55714', 'KABUPATEN SLEMAN', '\'085326026031', 'tatapanggon@gmail.com', 'RSUD PANEMBAHAN SENOPATI BANTUL', 'Swasta', 2, 2, 1, NULL, NULL),
(739, '3402114-056720', 'NUR ANNISA RIMADANTI A.Md.Kes', 'BANTUL', '1998-06-17', 'wanita', 1, 'Jl Parangtritis Km 16 Gerselo Patalan Jetis Bantul', 'KABUPATEN BANTUL', '\'083146092853', 'annisarima17@gmail.com', 'RSU RACHMA HUSADA', NULL, 2, 2, 1, NULL, NULL),
(740, '3402114-060320', 'NURUL FITRI YANI A.Md.RMIK', 'BANDUNG', '1992-12-30', 'wanita', 1, 'JL. SRADAKAN NO. 96 TRIMURTI, SRANDAKAN, BANTUL', 'KABUPATEN KLATEN', '\'085729545035', 'rufie99@gmail.com', 'PUSKESMAS SRANDAKAN', 'PNS', 2, 2, 1, NULL, NULL),
(741, '3402114-061320', 'NITA TRIOKTAVIANI A.MD Kes', 'GUNUNGKIDUL', '1997-10-24', 'wanita', 1, 'JL PARANGTRITIS KM 16 GERSELO PATALAN, JETIS, BANTUL', 'KABUPATEN GUNUNG KIDUL', '\'-', 'nita05013@gmail.com', 'RSU RACHMA HUSADA', NULL, 2, 2, 1, NULL, NULL),
(742, '3402114-068420', 'NOVITA ARDIYANI, A.MD.KES A.Md.Kes', 'SLEMAN', '1997-04-06', 'wanita', 1, 'JALAN JANTI BLOK O  BANGUNTAPAN BANTUL', 'KOTA YOGYAKARTA', '\'-', 'Novitaardiyani70@gmail.com', 'RSPAU DR S SUHARDI HARDJOLUKITO', NULL, 2, 2, 1, NULL, NULL),
(743, '3402116-004818', 'PETY KARINA FAJARWATI AMD.RMIK', 'BANTUL', '1993-06-18', 'wanita', 1, 'JLPLERET KM 2,5 BANJARDADAP POTORONO BANGUNTAPAN BANTUL', 'KOTA YOGYAKARTA', '\'', 'petyfajarwati@gmail.com', 'RSU RAJAWALI CITRA', 'Swasta', 2, 2, 1, NULL, NULL),
(744, '3402116-005018', 'PUJIWIYATMI A.Md.PerKes', 'BANTUL', '1978-01-28', 'wanita', 1, 'Jl. dr. Wahidin Sudiro Husodo Bantul 55714', 'KABUPATEN BANTUL', '\'085799800630', 'wiyatmipuji@yahoo.com', 'RSUD PANEMBAHAN SENOPATI BANTUL', 'PNS', 2, 2, 1, NULL, NULL),
(745, '3402116-007218', 'PUPUT MAHENDRA Amd.RMIK', 'BANTUL', '1991-07-26', 'wanita', 1, 'JL. Dr. Wahidin Sudirohusodo No.14 Bantul Yogyakarta', 'KABUPATEN BANTUL', '\'081327601118', 'puputmahendra@yahoo.com', 'RSUD PANEMBAHAN SENOPATI BANTUL', NULL, 2, 2, 1, NULL, NULL),
(746, '3402116-011418', 'PREDI ERI WIBAWA A.Md.Perkes', 'BANTUL', '1991-01-13', 'pria', 1, 'Jl. Alternatif Cibubur No.6A, RT.001/RW.002 Jatikarya Jatisampurna', 'KOTA JAKARTA TIMUR', '\'082334444404', 'wibawa.pe@gmail.com', 'RS PERMATA CIBUBUR', 'Swasta', 2, 2, 1, NULL, NULL),
(747, '3402116-068020', 'PUTRI MAHMUDYA NUR ADNAN A. Md.', 'AMBON', '1996-01-17', 'wanita', 1, 'Jalan Imogiri Barat KM. 12,5, Denokan, Trimulyo, Jetis, Ponggok I, Trimulyo, Kec. Jetis, Bantul, Daerah Istimewa Yogyakarta 55861', 'KABUPATEN BANTUL', '\'089654749743', 'putritachi@gmail.com', 'PUSKESMAS JETIS 1', 'PNS', 2, 2, 1, NULL, NULL),
(748, '3402118-004218', 'RINI DWI LESTARI A.Md.', 'BANTUL', '1986-07-27', 'wanita', 1, 'JL. DR. WAHIDIN SUDIRO HUSODO BANTUL', 'KABUPATEN BANTUL', '\'087838232354', 'farizqi.fadhil.febrian@gmail.com', 'RSUD PANEMBAHAN SENOPATI BANTUL', 'PNS', 2, 2, 1, NULL, NULL),
(749, '3402118-004318', 'RUBIYATUN A.Md', 'BANTUL', '1982-11-10', 'wanita', 1, 'JL. DR.Wahidin Sudirohusodo No.20 Bantul', 'KABUPATEN BANTUL', '\'', 'ruby.haydar21@gmail.com', 'RSUD PANEMBAHAN SENOPATI ', 'PNS', 2, 2, 1, NULL, NULL),
(750, '3402118-004718', 'RAFAEL RAKA WIKANTYOSO A.Md.RMIK', 'SLEMAN', '1995-08-03', 'pria', 2, 'GANJURAN SUMBERMULYO BAMBANGLIPURO BANTUL YOGYAKARTA', 'KOTA YOGYAKARTA', '\'087739577288', 'rafaelraka88@gmail.com', 'RS. SANTA ELISABETH GANJURAN', NULL, 2, 2, 1, NULL, NULL),
(751, '3402118-007518', 'RETY EKA WIGATI A.Md, SKM', 'SURABAYA', '1985-03-24', 'wanita', 1, 'JL. PLERET KM 2,5 BANJARDADAP POTORONO BANGUNTAPAN BANTUL', 'KOTA YOGYAKARTA', '\'-', 'retyeka_wigati@yahoo.com', 'RSU RAJAWALI CITRA', 'Swasta', 2, 2, 1, NULL, NULL),
(752, '3402118-008018', 'RINI KURNIASIH AMd.PerKes', 'PURWOREJO', '1984-05-21', 'wanita', 1, 'JL.KAUMAN PLERET KM.4 PLERET', 'KABUPATEN BANTUL', '\'08122764883', 'rinygk@gmail.com', 'RSU PERMATA HUSADA', NULL, 2, 2, 1, NULL, NULL),
(753, '3402118-011118', 'RENNI PUJI ASTUTI A.Md.RMIK', 'BANTUL', '1996-02-29', 'wanita', 1, 'JL.PARANGTRITIS KM 16 PATALAN JETIS BANTUL', 'KABUPATEN BANTUL', '\'085701181033', 'renidiy@gmail.com', 'RSU RACHMA HUSADA', NULL, 2, 2, 1, NULL, NULL),
(754, '3402118-011518', 'RIA SULISTIANI A.Md', 'BANTUL', '1986-01-22', 'wanita', 1, 'JL. WAHIDIN SUDIROHUSODO BANTUL ', 'KABUPATEN BANTUL', '\'085643166224', 'riasulistiani86@yahoo.co.id', 'RSUD PANEMBAHAN SENOPATI BANTUL ', 'PNS', 2, 2, 1, NULL, NULL),
(755, '3402118-011618', 'RINI DWI LESTARI A.Md.', 'BANTUL', '1986-07-27', 'wanita', 1, 'Jl. Dr. Wahidin Sudiro Husodo Bantul', 'KABUPATEN BANTUL', '\'087838232354', 'ree_cuutee@yahoo.com', 'RSUD Panembahan Senopati Bantul', 'PNS', 2, 2, 1, NULL, NULL),
(756, '3402118-011918', 'RETY EKA WIGATI A.Md, SKM', 'SURABAYA', '1985-03-24', 'wanita', 1, 'JL. PLERET KM 2,5 BANJARDADAP POTORONO BANGUNTAPAN', 'KABUPATEN BANTUL', '\'', 'retyeka24@gmail.com', 'RSU RAJAWALI CITRA', NULL, 2, 2, 1, NULL, NULL),
(757, '3402118-013118', 'RESTU YUNIARTI A.Md.', 'GUNUNGKIDUL', '1996-06-15', 'wanita', 1, 'Jl. Parangtritis Km.15 Patalan Jetis Bantul', 'KABUPATEN BANTUL', '\'081227140496', 'restuyuniarti23@gmail.com', 'Puskesmas Jetis II', NULL, 2, 2, 1, NULL, NULL),
(758, '3402118-014018', 'RATNA DWI HIDAYATI A.Md', 'SLEMAN', '1986-08-29', 'wanita', 1, 'JL DR WAHIDIN SUFIRO HUSUDO NO 14 BANTUL BANTUL BANTUL', 'KOTA YOGYAKARTA', '\'085747505253', 'ratnadwihidayati@gmail.com', 'RSUD PANEMBAHAN SENOPATI BANTUL', NULL, 2, 2, 1, NULL, NULL),
(759, '3402118-017818', 'RITA WULANDARI A.Md', 'BANTUL', '1986-01-11', 'wanita', 1, 'JL. PARANGTRITIS KM 21 SRUWUH DONOTIRTO KRETEK BANTUL', 'KABUPATEN BANTUL', '\'085725080443', 'rheita.ndut@gmail.com', 'PUSKESMAS KRETEK DINAS KESEHATAN KABUPATEN BANTUL', 'PNS', 2, 2, 1, NULL, NULL),
(760, '3402118-036619', 'RAFAEL RAKA WIKANTYOSO Amd.RMIK', 'SLEMAN', '1995-08-03', 'pria', 2, 'GANJURAN SUMBERMULYO BAMBANGLIPURO BANTUL YOGYAKARTA', 'KOTA YOGYAKARTA', '\'087739577288', 'rafaelraka88@gmail.com', 'RS SANTA ELISABETH GANJURAN', 'Swasta', 2, 2, 1, NULL, NULL),
(761, '3402118-040219', 'RETY EKA WIGATI A.Md, SKM', 'SURABAYA', '1985-03-24', 'wanita', 1, 'Jl. Pleret km 2,5 banjardadap Potorono Banguntapan ', 'KABUPATEN BANTUL', '\'', 'retyekawigati@gmail.com', 'RSU RAJAWALI CITRA', 'Swasta', 2, 2, 1, NULL, NULL),
(762, '3402118-043519', 'RIA YULIANTI A.Md RMIK', 'MUSI BANYUASIN', '1994-06-04', 'wanita', 1, 'JALAN DR. WAHIDIN SUDIRO HUSODO, AREA SAWAH, TRIRENGGO, KEC. BANTUL, BANTUL D.I YOGYAKARTA 55714', 'KABUPATEN BANTUL', '\'087700057771', 'ryulia205@gmail.com', 'RSUD PANEMBAHAN SENOPATI BANTUL', 'PNS', 2, 2, 1, NULL, NULL),
(763, '3402118-053820', 'RIA WIDYASTUTI A. Md.', 'SEMARANG', '1997-01-06', 'wanita', 1, 'Jalan Imogiri Barat KM. 7,5 Timbulharjo Sewon Bantul', 'KABUPATEN BANTUL', '\'085800204511', 'riawidyastuti97@gmail.com', 'KLINIK RUMAH SEHAT BAZNAS', NULL, 2, 2, 1, NULL, NULL),
(764, '3402118-067820', 'RHIMA WIDYA SISWI A.Md', 'BANTUL', '1997-01-20', 'wanita', 1, 'Jl. Nitipuran No.183B Kasihan Bantul', 'KABUPATEN BANTUL', '\'087739777626', 'widyasiswirhima@gmail.com', 'Nitipuran Health Center', NULL, 2, 2, 1, NULL, NULL),
(765, '3402118-069420', 'RENI PUTRI SETYANING A.Md', 'BANTUL', '1998-06-28', 'wanita', 1, 'BANTUL', 'KABUPATEN BANTUL', '\'0895392912753', 'reniputrisetyaning98@gmail.com', '-', NULL, 2, 2, 1, NULL, NULL),
(766, '3402119-007818', 'SRI YULI JAYANTI A.Md', 'BANTUL', '1987-07-23', 'wanita', 1, 'JL JEND. SUDIRMAN NO 124 BANTUL 55711', 'KABUPATEN BANTUL', '\'', 'yulijihan87@gmail.com', 'RSU PKU MUHAMMADIYAH BANTUL YOGYAKARTA', 'Swasta', 2, 2, 1, NULL, NULL),
(767, '3402119-008618', 'SRI WAHYUNI A.Md', 'BANTUL', '1984-09-20', 'wanita', 1, 'JL.PLERET KM2,5 BANJARDADAP POTORONO BANGUNTAPAN BANTUL', 'KABUPATEN BANTUL', '\'', 'sriw1102@gmail.com', 'RSU RAJAWALI CITRA BANTUL', NULL, 2, 2, 1, NULL, NULL),
(768, '3402119-013218', 'SUMARMI A. Md', 'BANTUL', '1980-11-15', 'wanita', 1, 'JL. JEND. SUDIRMAN NO 124 BANTUL', 'KABUPATEN BANTUL', '\'085229725665', 'sumarmiemarmie@gmail.com', 'RSU PKU MUHAMMADIYAH BANTUL', NULL, 2, 2, 3, '2021-04-03', NULL),
(769, '3402119-049020', 'SHANTIE KAUTSAR A.Md', 'MAGELANG', '1991-10-09', 'wanita', 1, 'JL JEND SUDIRMAN 124 BANTUL', 'KABUPATEN MAGELANG', '\'082226664839', 'shantie.kautsar@gmail.com', 'RSU PKU MUHAMMADIYAH BANTUL', NULL, 2, 2, 1, NULL, NULL),
(770, '3402119-057520', 'Ahli Madya SRI RAHAYUNINGSIH Kesehatan', 'PURWOREJO', '1981-07-19', 'wanita', 3, 'Jl.parangtritis km 6 sewon yogyakarta', 'KOTA YOGYAKARTA', '\'083840240203', 'sri.rahayun81@gmail.com', 'STIKES AKBIDYO', 'Swasta', 2, 2, 1, NULL, NULL),
(771, '3402119-065820', 'SUTRISNI A.Md.', 'BANTUL ', '1998-06-05', 'wanita', 1, 'Bantul', 'KOTA YOGYAKARTA', '\'08985305354', 'sutrisni@mail.ugm.ac.id', '-', NULL, 2, 2, 1, NULL, NULL),
(772, '3402119-066320', 'SALSABILA APRIANI HUDANINGTYAS A.Md.', 'BANTUL', '1999-04-11', 'wanita', 1, 'X', 'KOTA YOGYAKARTA', '\'087712379202', 'salsabilaapriani99@gmail.com', 'X', NULL, 2, 2, 1, NULL, NULL),
(773, '3402120-006018', 'TRI UTAMININGSIH AMd.Per.Kes', 'KULON PROGO', '1988-05-13', 'wanita', 1, 'JL. Dr. WAHIDIN SUDIROHUSODO NO 14 BANTUL', 'KABUPATEN KULON PROGO', '\'', 'uut_poenya88@yahoo.com', 'RSUD PANEMBAHAN SENOPATI BANTUL', NULL, 2, 2, 3, '2021-04-03', NULL),
(774, '3402120-009818', 'TRIANA DIAH SUSANTI A.Md', 'YOGYAKARTA', '1987-01-14', 'wanita', 1, 'JL MAJAPAHIT BLOK O BANGUNTAPAN BANTUL', 'KOTA YOGYAKARTA', '\'081328668460', 'threeana_ds@yahoo.com', 'RSPAU dr. S. HARDJOLUKITO', 'PNS', 2, 2, 1, NULL, NULL),
(775, '3402120-012118', 'TITI PURWANTI A.Md.RMIK', 'BANTUL', '1993-02-20', 'wanita', 1, 'JL.RING ROAD SELATAN GLUGO PANGGUNGHARJO SEWON BANTUL', 'KABUPATEN BANTUL', '\'085725734725', 'titipurwanti858@gmail.com', 'RSKB RING ROAD SELATAN', NULL, 2, 2, 1, NULL, NULL),
(776, '3402120-012418', 'TOMMY DIANGGA PUTRA A. Md', 'SLEMAN', '1988-06-21', 'pria', 1, 'JL WONOSARI KM 12, PIYUNGAN, BANTUL, YOGYAKARTA', 'KABUPATEN SLEMAN', '\'089512370370', 'tommydiangga@gmail.com', 'PUSKESMAS PIYUNGAN', 'PNS', 2, 2, 1, NULL, NULL),
(777, '3402120-012518', 'TRI MULYATI AMd', 'SUMBER MULYA', '1985-09-26', 'wanita', 1, 'Jl.srandakan km 5,5 wijirejo pandak bantul', 'KABUPATEN BANTUL', '\'085292133841', 'trimul902@gmail.com', 'RS UII yogyakarta', NULL, 2, 2, 1, NULL, NULL),
(778, '3402121-008318', 'ULFAH MAULIDA NUR SHOLIHAH Amd.RMIK', 'BANTUL', '1993-08-14', 'wanita', 1, 'JALAN PARANGTRITIS KM 15, PATALAN, JETIS, BANTUL', 'KABUPATEN BANTUL', '\'087738406374', 'ulfahmaulida67@gmail.com', 'PUSKESMAS JETIS II', 'PNS', 2, 2, 1, NULL, NULL),
(779, '3402121-008718', 'UNING WIDOSARI Amd. Perkes', 'YOGYAKARTA ', '1985-12-21', 'wanita', 1, 'Jl dr WAHIDIN SUDIRO HUSODO 14 BANTUL', 'KOTA YOGYAKARTA', '\'085853198281', 'sriuning2112@gmail.com', 'RSUD PANEMBAHAN SENOPATI BANTUL', NULL, 2, 2, 1, NULL, NULL),
(780, '3402121-035718', 'USMAN SAMSUDIN A.Md.RMIK, S.ST', 'CIMAHI', '1985-02-04', 'pria', 1, 'JL. Janti Lanud Adisutjipto, Banguntapan, Bantul, Yogyakarta', 'KABUPATEN KLATEN', '\'089656280474', 'usman.medrec@gmail.com', 'RSPAU Dr. S. Hardjolukito', NULL, 2, 2, 1, NULL, NULL),
(781, '3402122-011318', 'VIVID MUSTIKASARI Amd', 'SLEMAN', '1985-05-16', 'wanita', 1, 'Jl.dr Wahidin Sudirohusodo Bantul ', 'KOTA YOGYAKARTA', '\'087839955339', 'Vivid.hervi.rsps@gmail.com', 'RSUD Panembahan Senopati Bantul', 'PNS', 2, 2, 1, NULL, NULL),
(782, '3402122-069620', 'VINORIKA ARIYANTI L Amd. Kes', 'GROBOGAN', '1997-01-14', 'wanita', 1, 'Jl. Raya janti blok O banguntapan bantul yogyakarta', 'KABUPATEN GROBOGAN', '\'08973199516', 'vinorika97@gmail.com', 'Rspau dr. S hardjolukito', NULL, 2, 2, 1, NULL, NULL),
(783, '3402123-005718', 'WIKA KRISMAHIRA TUNGGA DEWI Amd', 'BANTUL', '1986-04-13', 'wanita', 3, 'Jl wahidinsudirohusodo no 14 Bantul yogyakarta', 'KOTA YOGYAKARTA', '\'085228001397', 'krismahirawika@yahoo.com', 'RSUD Panembahan Senopati', 'PNS', 2, 2, 1, NULL, NULL),
(784, '3402123-006218', 'WARIH AMBAR RAHAYU A.md', 'SEMARANG', '1978-10-30', 'wanita', 1, 'Jl. Imogiri Timur Km9 Jati Wonokromo Pleret Bantul', 'KABUPATEN BANTUL', '\'', 'ambar.rahayu85@yahoo.co.id', 'Puskesmas Pleret', 'PNS', 2, 2, 1, NULL, NULL),
(785, '3402123-006618', 'WIYARSIH A.Md.RMIK', 'BANTUL', '1972-08-17', 'wanita', 1, 'Jln. Dr. Wahidin Sudirohusodo Bantul', 'KABUPATEN BANTUL', '\'081392704350', 'wiyarwiwik17@gmail.com', 'RSUD Panembahan Senopati Bantul', 'PNS', 2, 2, 1, NULL, NULL),
(786, '3402123-007118', 'WAHYU SITUNGGAL Amd. RMIK', 'BANTUL', '1989-03-15', 'pria', 1, 'Jln. Dr.Wahidin Sudirohusodo No. 14 Bantul', 'KABUPATEN BANTUL', '\'0818460827', 'situnggalwahyu@gmail.com', 'RSUD PANEMBAHAN SENOPATI', NULL, 2, 2, 1, NULL, NULL),
(787, '3402123-009418', 'WIWIN SRI MULYANI A.Md', 'KARANGANYAR', '1987-02-04', 'wanita', 1, 'JL DR WAHIDIN SUDIRO HUSODO TRIRENGGO BANTUL', 'KOTA YOGYAKARTA', '\'085640421960', 'wiwin.alharis@gmail.com', 'RSUD PANEMBAHAN SENOPATI BANTUL', NULL, 2, 2, 1, NULL, NULL),
(788, '3402123-049920', 'WIJANARKO NUGROHO A.Md.', 'BANTUL', '1995-01-20', 'pria', 1, ' jl.Padokan Tirtonirmolo Kasihan Bantul ', 'KABUPATEN BANTUL', '\'082134008464', 'wjnrkngr@gmail.com', 'Puskesmas Kasihan 2', 'PNS', 2, 2, 1, NULL, NULL),
(789, '3402125-007318', 'YEYEN RULIYANTI Amd', 'SEPUTIH BANYAK', '1989-02-27', 'wanita', 1, 'Jl. Imogiri Timur Km 11,5 Trimulyo jetis bantul', 'KABUPATEN BANTUL', '\'', 'Yeyenrulee@gmail.com', 'Rs nur hidayah bantul', 'Swasta', 2, 2, 1, NULL, NULL),
(790, '3402125-011018', 'YATI AMIN AMd', 'KULON PROGO', '1984-09-14', 'wanita', 1, 'Jl. Srandakan KM.5,5 Wijirejo, Pandak, Bantul,Yogyakarta, 55761', 'KABUPATEN KULON PROGO', '\'081804042722, 081227042267', 'yatiamin9@gmail.com', 'RS UNIVERSITAS ISLAM INDONESIA', 'Swasta', 2, 2, 1, NULL, NULL),
(791, '3402125-014318', 'YULI USWATUN KHASANAH A.Md.,SKM', 'SUMBAWA BESAR', '1987-07-02', 'wanita', 1, 'PIRING, SRIHARDONO, PUNDONG', 'KABUPATEN BANTUL', '\'081904100087', 'yuli.uswatunkhasanah@gmail.com', 'PUSKESMAS PUNDONG', 'PNS', 2, 2, 1, NULL, NULL),
(792, '3402125-054320', 'YULIANA DUWI ANTARI A.Md', 'BANTUL', '1994-07-09', 'wanita', 1, 'JL. PUCANGANOM  MURTIGADING SANDEN BANTUL', 'KABUPATEN BANTUL', '\'085727790708', 'antariyuliana@gmail.com', 'UPT PUSKESMAS SANDEN', 'PNS', 2, 2, 1, NULL, NULL),
(793, '3402125-058520', 'YUNITA Amd.,RMIK', 'SLEMAN', '1998-02-23', 'wanita', 1, 'JL MONUMEN TNI AU NO 1A TAMANAN BANGUNTAPAN BANTUL ', 'KABUPATEN BANTUL', '\'088233238782', 'yunitasari1998.my@gmail.com', 'RS BEDAH ADELIA ', NULL, 2, 2, 1, NULL, NULL),
(794, '3402125-068620', 'YULIANA NURHANINGRUM A. Md. Kes', 'NGAWI', '1994-07-17', 'wanita', 1, 'Jl. soragan No.14, Soragan, Ngestiharjo, Kec. Kasihan, Kab. Bantul, Yogyakarta', 'KABUPATEN BANTUL', '\'0895371381794', 'yuliana.haningrum45@gmail.com', 'RSKIA ADINDA', NULL, 2, 2, 1, NULL, NULL),
(795, '3402126-008418', 'ZENI KURNIAWATI, A.MD.RMIK AMD.RMIK', 'BANTUL', '1991-10-11', 'wanita', 1, 'JL PLERET KM 2,5 BANJARDADAP POTORONO BANGUNTAPAN BANTUL', 'KABUPATEN BANTUL', '\'085603553884', 'KURNIAWATI_ZENI@YAHOO.COM', 'RSU RAJAWALI CITRA BANTUL', NULL, 2, 2, 1, NULL, NULL),
(796, '3402126-070420', 'ZULFIKAR AHMAD ROSIANSYAH A.Md.Kes', 'BANTUL', '1998-04-29', 'pria', 1, ' Jl. KH. Ahmad Dahlan No.20, Ngupasan, Kec. Gondomanan, Kota Yogyakarta, Daerah Istimewa Yogyakarta 55122', 'KABUPATEN BANTUL', '\'087736126261', 'ahmadfikar149@gmail.com', 'PKU MUHAMMADIYAH YOGYAKARTA', NULL, 2, 2, 1, NULL, NULL);

-- --------------------------------------------------------

--
-- Table structure for table `tbl_dpc`
--

CREATE TABLE `tbl_dpc` (
  `id_dpc` int(11) NOT NULL,
  `nama_dpc` varchar(155) DEFAULT NULL
) ENGINE=InnoDB DEFAULT CHARSET=utf8mb4;

--
-- Dumping data for table `tbl_dpc`
--

INSERT INTO `tbl_dpc` (`id_dpc`, `nama_dpc`) VALUES
(1, 'DPC Kota Yogyakarta'),
(2, 'DPC Bantul'),
(3, 'DPC Kulonprogo'),
(4, 'DPC Sleman'),
(5, 'DPC Gunung Kidul');

-- --------------------------------------------------------

--
-- Table structure for table `tbl_user`
--

CREATE TABLE `tbl_user` (
  `id_user` int(11) NOT NULL,
  `nama_user` varchar(255) DEFAULT NULL,
  `email` varchar(255) DEFAULT NULL,
  `password` varchar(100) DEFAULT NULL,
  `level` int(1) DEFAULT NULL
) ENGINE=InnoDB DEFAULT CHARSET=utf8mb4;

--
-- Dumping data for table `tbl_user`
--

INSERT INTO `tbl_user` (`id_user`, `nama_user`, `email`, `password`, `level`) VALUES
(1, 'WIDHI SULISTYO A.Md', 'widiwaeoke@gmail.com', '19820504', 1);

--
-- Indexes for dumped tables
--

--
-- Indexes for table `tbl_agama`
--
ALTER TABLE `tbl_agama`
  ADD PRIMARY KEY (`id_agama`);

--
-- Indexes for table `tbl_anggota`
--
ALTER TABLE `tbl_anggota`
  ADD PRIMARY KEY (`id`);

--
-- Indexes for table `tbl_dpc`
--
ALTER TABLE `tbl_dpc`
  ADD PRIMARY KEY (`id_dpc`);

--
-- Indexes for table `tbl_user`
--
ALTER TABLE `tbl_user`
  ADD PRIMARY KEY (`id_user`);

--
-- AUTO_INCREMENT for dumped tables
--

--
-- AUTO_INCREMENT for table `tbl_agama`
--
ALTER TABLE `tbl_agama`
  MODIFY `id_agama` int(11) NOT NULL AUTO_INCREMENT, AUTO_INCREMENT=7;

--
-- AUTO_INCREMENT for table `tbl_anggota`
--
ALTER TABLE `tbl_anggota`
  MODIFY `id` int(11) NOT NULL AUTO_INCREMENT, AUTO_INCREMENT=797;

--
-- AUTO_INCREMENT for table `tbl_dpc`
--
ALTER TABLE `tbl_dpc`
  MODIFY `id_dpc` int(11) NOT NULL AUTO_INCREMENT, AUTO_INCREMENT=6;

--
-- AUTO_INCREMENT for table `tbl_user`
--
ALTER TABLE `tbl_user`
  MODIFY `id_user` int(11) NOT NULL AUTO_INCREMENT, AUTO_INCREMENT=2;
COMMIT;

/*!40101 SET CHARACTER_SET_CLIENT=@OLD_CHARACTER_SET_CLIENT */;
/*!40101 SET CHARACTER_SET_RESULTS=@OLD_CHARACTER_SET_RESULTS */;
/*!40101 SET COLLATION_CONNECTION=@OLD_COLLATION_CONNECTION */;
